--
-- PostgreSQL database dump
--

-- Dumped from database version 9.5.25
-- Dumped by pg_dump version 9.5.25

SET statement_timeout = 0;
SET lock_timeout = 0;
SET client_encoding = 'UTF8';
SET standard_conforming_strings = on;
SELECT pg_catalog.set_config('search_path', '', false);
SET check_function_bodies = false;
SET xmloption = content;
SET client_min_messages = warning;
SET row_security = off;

--
-- Name: plpgsql; Type: EXTENSION; Schema: -; Owner: -
--

CREATE EXTENSION IF NOT EXISTS plpgsql WITH SCHEMA pg_catalog;


--
-- Name: EXTENSION plpgsql; Type: COMMENT; Schema: -; Owner: -
--

COMMENT ON EXTENSION plpgsql IS 'PL/pgSQL procedural language';


SET default_tablespace = '';

SET default_with_oids = false;

--
-- Name: countries; Type: TABLE; Schema: public; Owner: -
--

CREATE TABLE public.countries (
    id integer NOT NULL,
    name character varying(255) NOT NULL
);


--
-- Name: countries_id_seq; Type: SEQUENCE; Schema: public; Owner: -
--

CREATE SEQUENCE public.countries_id_seq
    START WITH 1
    INCREMENT BY 1
    NO MINVALUE
    NO MAXVALUE
    CACHE 1;


--
-- Name: countries_id_seq; Type: SEQUENCE OWNED BY; Schema: public; Owner: -
--

ALTER SEQUENCE public.countries_id_seq OWNED BY public.countries.id;


--
-- Name: participation; Type: TABLE; Schema: public; Owner: -
--

CREATE TABLE public.participation (
    id integer NOT NULL,
    country_id integer,
    treaty_id integer,
    signed date,
    bound date
);


--
-- Name: participation_id_seq; Type: SEQUENCE; Schema: public; Owner: -
--

CREATE SEQUENCE public.participation_id_seq
    START WITH 1
    INCREMENT BY 1
    NO MINVALUE
    NO MAXVALUE
    CACHE 1;


--
-- Name: participation_id_seq; Type: SEQUENCE OWNED BY; Schema: public; Owner: -
--

ALTER SEQUENCE public.participation_id_seq OWNED BY public.participation.id;


--
-- Name: status; Type: TABLE; Schema: public; Owner: -
--

CREATE TABLE public.status (
    id integer NOT NULL,
    country_id integer,
    treaty_id integer,
    status boolean
);


--
-- Name: status_id_seq; Type: SEQUENCE; Schema: public; Owner: -
--

CREATE SEQUENCE public.status_id_seq
    START WITH 1
    INCREMENT BY 1
    NO MINVALUE
    NO MAXVALUE
    CACHE 1;


--
-- Name: status_id_seq; Type: SEQUENCE OWNED BY; Schema: public; Owner: -
--

ALTER SEQUENCE public.status_id_seq OWNED BY public.status.id;


--
-- Name: topics; Type: TABLE; Schema: public; Owner: -
--

CREATE TABLE public.topics (
    id integer NOT NULL,
    name character varying(255) NOT NULL
);


--
-- Name: topics_id_seq; Type: SEQUENCE; Schema: public; Owner: -
--

CREATE SEQUENCE public.topics_id_seq
    START WITH 1
    INCREMENT BY 1
    NO MINVALUE
    NO MAXVALUE
    CACHE 1;


--
-- Name: topics_id_seq; Type: SEQUENCE OWNED BY; Schema: public; Owner: -
--

ALTER SEQUENCE public.topics_id_seq OWNED BY public.topics.id;


--
-- Name: treaties; Type: TABLE; Schema: public; Owner: -
--

CREATE TABLE public.treaties (
    id integer NOT NULL,
    name character varying(255) NOT NULL,
    city character varying(255) NOT NULL,
    concluded date NOT NULL,
    entered_into_force date,
    status boolean
);


--
-- Name: treaties_by_topics; Type: TABLE; Schema: public; Owner: -
--

CREATE TABLE public.treaties_by_topics (
    id integer NOT NULL,
    topic_id integer,
    treaty_id integer
);


--
-- Name: treaties_by_topics_id_seq; Type: SEQUENCE; Schema: public; Owner: -
--

CREATE SEQUENCE public.treaties_by_topics_id_seq
    START WITH 1
    INCREMENT BY 1
    NO MINVALUE
    NO MAXVALUE
    CACHE 1;


--
-- Name: treaties_by_topics_id_seq; Type: SEQUENCE OWNED BY; Schema: public; Owner: -
--

ALTER SEQUENCE public.treaties_by_topics_id_seq OWNED BY public.treaties_by_topics.id;


--
-- Name: treaties_id_seq; Type: SEQUENCE; Schema: public; Owner: -
--

CREATE SEQUENCE public.treaties_id_seq
    START WITH 1
    INCREMENT BY 1
    NO MINVALUE
    NO MAXVALUE
    CACHE 1;


--
-- Name: treaties_id_seq; Type: SEQUENCE OWNED BY; Schema: public; Owner: -
--

ALTER SEQUENCE public.treaties_id_seq OWNED BY public.treaties.id;


--
-- Name: id; Type: DEFAULT; Schema: public; Owner: -
--

ALTER TABLE ONLY public.countries ALTER COLUMN id SET DEFAULT nextval('public.countries_id_seq'::regclass);


--
-- Name: id; Type: DEFAULT; Schema: public; Owner: -
--

ALTER TABLE ONLY public.participation ALTER COLUMN id SET DEFAULT nextval('public.participation_id_seq'::regclass);


--
-- Name: id; Type: DEFAULT; Schema: public; Owner: -
--

ALTER TABLE ONLY public.status ALTER COLUMN id SET DEFAULT nextval('public.status_id_seq'::regclass);


--
-- Name: id; Type: DEFAULT; Schema: public; Owner: -
--

ALTER TABLE ONLY public.topics ALTER COLUMN id SET DEFAULT nextval('public.topics_id_seq'::regclass);


--
-- Name: id; Type: DEFAULT; Schema: public; Owner: -
--

ALTER TABLE ONLY public.treaties ALTER COLUMN id SET DEFAULT nextval('public.treaties_id_seq'::regclass);


--
-- Name: id; Type: DEFAULT; Schema: public; Owner: -
--

ALTER TABLE ONLY public.treaties_by_topics ALTER COLUMN id SET DEFAULT nextval('public.treaties_by_topics_id_seq'::regclass);


--
-- Data for Name: countries; Type: TABLE DATA; Schema: public; Owner: -
--

COPY public.countries (id, name) FROM stdin;
1	Afghanistan
2	Albania
3	Algeria
4	Andorra
5	Angola
6	Antigua and Barbuda
7	Argentina
8	Armenia
9	Australia
10	Austria
11	Azerbaijan
12	Bahamas
13	Bahrain
14	Bangladesh
15	Barbados
16	Belarus
17	Belgium
18	Belize
19	Benin
20	Bhutan
21	Bolivia
22	Bosnia and Herzegovina
23	Botswana
24	Brazil
25	Brunei
26	Bulgaria
27	Burkina Faso
28	Burundi
29	Côte d'Ivoire
30	Cabo Verde
31	Cambodia
32	Cameroon
33	Canada
34	Central African Republic
35	Chad
36	Chile
37	China
38	Colombia
39	Comoros
40	Congo (Congo-Brazzaville)
41	Costa Rica
42	Croatia
43	Cuba
44	Cyprus
45	Czechia (Czech Republic)
46	Democratic Republic of the Congo
47	Denmark
48	Djibouti
49	Dominica
50	Dominican Republic
51	Ecuador
52	Egypt
53	El Salvador
54	Equatorial Guinea
55	Eritrea
56	Estonia
57	Eswatini
58	Ethiopia
59	Fiji
60	Finland
61	France
62	Gabon
63	Gambia
64	Georgia
65	Germany
66	Ghana
67	Greece
68	Grenada
69	Guatemala
70	Guinea
71	Guinea-Bissau
72	Guyana
73	Haiti
74	Holy See
75	Honduras
76	Hungary
77	Iceland
78	India
79	Indonesia
80	Iran
81	Iraq
82	Ireland
83	Israel
84	Italy
85	Jamaica
86	Japan
87	Jordan
88	Kazakhstan
89	Kenya
90	Kiribati
91	Kuwait
92	Kyrgyzstan
93	Laos
94	Latvia
95	Lebanon
96	Lesotho
97	Liberia
98	Libya
99	Liechtenstein
100	Lithuania
101	Luxembourg
102	Madagascar
103	Malawi
104	Malaysia
105	Maldives
106	Mali
107	Malta
108	Marshall Islands
109	Mauritania
110	Mauritius
111	Mexico
112	Micronesia
113	Moldova
114	Monaco
115	Mongolia
116	Montenegro
117	Morocco
118	Mozambique
119	Myanmar (formerly Burma)
120	Namibia
121	Nauru
122	Nepal
123	Netherlands
124	New Zealand
125	Nicaragua
126	Niger
127	Nigeria
128	North Korea
129	North Macedonia
130	Norway
131	Oman
132	Pakistan
133	Palau
134	Palestine State
135	Panama
136	Papua New Guinea
137	Paraguay
138	Peru
139	Philippines
140	Poland
141	Portugal
142	Qatar
143	Romania
144	Russia
145	Rwanda
146	Saint Kitts and Nevis
147	Saint Lucia
148	Saint Vincent and the Grenadines
149	Samoa
150	San Marino
151	Sao Tome and Principe
152	Saudi Arabia
153	Senegal
154	Serbia
155	Seychelles
156	Sierra Leone
157	Singapore
158	Slovakia
159	Slovenia
160	Solomon Islands
161	Somalia
162	South Africa
163	South Korea
164	South Sudan
165	Spain
166	Sri Lanka
167	Sudan
168	Suriname
169	Sweden
170	Switzerland
171	Syria
172	Tajikistan
173	Tanzania
174	Thailand
175	Timor-Leste
176	Togo
177	Tonga
178	Trinidad and Tobago
179	Tunisia
180	Turkey
181	Turkmenistan
182	Tuvalu
183	Uganda
184	Ukraine
185	United Arab Emirates
186	United Kingdom
187	United States of America
188	Uruguay
189	Uzbekistan
190	Vanuatu
191	Venezuela
192	Vietnam
193	Yemen
194	Zambia
195	Zimbabwe
196	Cook Islands
197	Niue
\.


--
-- Name: countries_id_seq; Type: SEQUENCE SET; Schema: public; Owner: -
--

SELECT pg_catalog.setval('public.countries_id_seq', 1, false);


--
-- Data for Name: participation; Type: TABLE DATA; Schema: public; Owner: -
--

COPY public.participation (id, country_id, treaty_id, signed, bound) FROM stdin;
1	2	1	\N	2010-04-08
2	7	1	\N	1987-09-23
3	8	1	\N	1996-05-06
4	10	1	1954-03-01	1956-03-01
5	16	1	\N	1993-05-17
6	17	1	1954-03-01	1958-04-24
7	22	1	\N	1993-08-23
8	42	1	\N	1993-04-23
9	44	1	\N	2000-04-27
10	45	1	\N	1993-01-28
11	47	1	1955-09-02	1958-09-19
12	52	1	\N	1981-02-04
13	60	1	1956-09-17	1957-01-08
14	61	1	1956-01-24	1959-04-23
15	65	1	1957-04-09	1959-11-02
16	74	1	\N	1966-08-25
17	76	1	\N	1965-05-21
18	77	1	\N	2008-11-10
19	83	1	\N	1967-11-22
20	84	1	1954-03-01	1957-02-11
21	86	1	1970-03-12	1970-05-28
22	88	1	\N	2015-01-29
23	92	1	\N	1996-11-22
24	94	1	\N	1992-12-15
25	95	1	\N	1974-03-25
26	100	1	\N	2002-11-05
27	101	1	1954-06-28	1956-07-03
28	115	1	\N	2014-03-03
29	116	1	\N	2007-03-01
30	117	1	\N	1971-12-22
31	123	1	1954-03-01	1959-04-28
32	130	1	1954-03-23	1958-05-21
33	140	1	\N	1962-06-13
34	141	1	1957-02-20	1967-07-03
35	113	1	\N	1993-02-04
36	129	1	\N	1996-03-20
37	143	1	\N	1971-04-29
38	144	1	\N	1966-10-28
39	154	1	\N	2001-04-19
40	158	1	\N	1993-03-15
41	159	1	\N	1992-06-08
42	165	1	1957-04-12	1961-09-20
43	168	1	\N	1976-11-11
44	169	1	1954-06-28	1957-12-21
45	170	1	1954-07-02	1957-05-06
46	180	1	\N	1972-10-23
47	184	1	\N	1999-06-10
48	189	1	\N	1996-03-05
49	47	2	1956-10-23	1964-07-03
50	60	2	1957-04-12	1964-07-03
51	61	2	1955-07-25	1963-07-30
52	84	2	1956-04-13	1958-03-17
53	101	2	1955-06-15	\N
54	123	2	1955-06-15	\N
55	126	2	\N	1971-10-11
56	130	2	1956-10-24	1964-07-03
57	165	2	1957-04-12	\N
58	169	2	1956-10-23	1964-07-08
59	170	2	1971-09-20	1972-08-29
60	67	3	1958-04-15	\N
61	84	3	1959-12-09	1961-03-24
62	10	4	1958-10-08	\N
63	17	4	1958-04-24	\N
64	65	4	1959-10-12	\N
65	67	4	1958-04-15	\N
66	17	5	1955-08-01	1962-05-02
67	61	5	1955-07-25	\N
68	101	5	1955-06-15	\N
69	123	5	1955-06-15	1960-12-22
70	165	5	1957-04-12	\N
71	17	6	1956-06-01	1962-03-28
72	61	6	1956-06-12	1963-07-30
73	101	6	1962-06-12	\N
74	123	6	1956-09-20	1959-10-23
75	165	6	1957-04-12	\N
76	10	7	1956-10-24	1959-06-24
77	17	7	1969-10-17	1970-08-26
78	61	7	1956-10-24	1963-05-02
79	65	7	1959-08-26	1961-11-02
80	67	7	1956-10-24	\N
81	84	7	1958-10-08	1961-02-22
82	86	7	1977-02-10	1977-07-22
83	99	7	\N	1972-06-02
84	101	7	1956-10-24	1958-08-27
85	123	7	1956-10-24	1962-10-15
86	130	7	1956-10-24	\N
87	141	7	1958-01-07	1968-12-06
88	165	7	1956-10-24	1974-03-27
89	170	7	1963-07-04	1964-11-18
90	180	7	1970-06-10	1972-02-28
91	10	8	1958-04-15	1960-09-05
92	17	8	1958-07-11	1961-09-15
93	45	8	\N	1970-09-24
94	47	8	1965-08-12	1965-11-02
95	60	8	1966-02-10	1967-06-26
96	61	8	1965-01-06	1966-05-26
97	65	8	1958-10-08	1961-11-02
98	67	8	1958-04-15	\N
99	76	8	\N	1964-10-20
100	84	8	1958-10-08	1961-02-22
101	99	8	\N	1972-06-02
102	101	8	1962-03-14	\N
103	123	8	1959-05-25	1964-02-28
104	130	8	1958-05-19	1965-09-02
105	141	8	1971-09-09	1973-12-27
106	158	8	\N	1970-09-24
107	165	8	1973-01-18	1973-09-11
108	168	8	\N	1976-10-29
109	169	8	1965-12-10	1965-12-31
110	170	8	1963-07-04	1964-11-18
111	180	8	1968-06-11	1973-04-27
112	10	9	1966-11-28	1975-03-12
113	61	9	1961-11-29	1972-09-11
114	65	9	1968-10-22	1971-07-19
115	84	9	1961-12-15	1995-02-22
116	94	9	\N	2001-01-24
117	100	9	\N	2001-10-23
118	101	9	1963-01-03	1967-10-13
119	123	9	1962-11-30	1971-07-20
120	140	9	\N	1993-05-26
121	141	9	1967-09-29	1968-12-06
122	165	9	1986-05-27	1987-05-22
123	170	9	1964-11-18	1966-12-09
124	180	9	\N	1983-08-25
125	2	10	\N	2013-10-25
126	6	10	\N	1985-05-01
127	8	10	\N	2007-03-01
128	9	10	\N	1986-09-22
129	10	10	1961-10-05	1963-10-28
130	17	10	1968-10-10	1971-10-20
131	22	10	\N	1993-08-23
132	23	10	\N	1968-11-18
133	25	10	\N	1988-05-10
134	42	10	\N	1993-04-23
135	47	10	1961-10-05	1976-07-21
136	56	10	\N	1998-05-13
137	57	10	\N	1970-11-23
138	59	10	\N	1971-06-28
139	60	10	1962-03-13	1976-06-24
140	61	10	1961-10-09	1967-09-20
141	65	10	1961-10-05	1965-11-02
142	67	10	1961-10-05	1983-06-03
143	68	10	\N	1985-05-20
144	82	10	\N	1967-08-03
145	83	10	\N	1977-11-11
146	84	10	1961-12-15	\N
147	86	10	1964-01-30	1964-06-03
148	96	10	\N	1977-06-01
149	101	10	1968-02-05	1978-12-07
150	110	10	\N	1970-08-24
151	116	10	\N	2007-03-01
152	123	10	1980-03-17	1982-06-02
153	130	10	1961-10-05	1972-11-02
154	140	10	\N	1969-09-03
155	141	10	1967-09-29	\N
156	113	10	\N	2011-08-11
157	129	10	\N	1993-09-20
158	154	10	\N	2001-04-26
159	159	10	\N	1992-06-08
160	162	10	\N	1970-10-05
161	165	10	1976-10-21	1988-04-11
162	169	10	1961-10-05	1976-07-09
163	170	10	1970-09-09	1971-08-18
164	177	10	\N	1978-08-10
165	180	10	\N	1983-08-23
166	184	10	\N	2011-03-15
167	186	10	1962-02-13	1963-11-06
168	2	11	\N	2003-09-03
169	4	11	\N	1996-04-15
170	6	11	\N	1985-05-01
171	7	11	\N	1987-05-08
172	8	11	\N	1993-11-19
173	9	11	\N	1994-07-11
174	10	11	1961-10-05	1967-11-14
175	11	11	\N	2004-05-13
176	12	11	\N	1976-04-30
177	13	11	\N	2013-04-10
178	15	11	\N	1995-08-11
179	16	11	\N	1992-06-16
180	17	11	1970-03-10	1975-12-11
181	18	11	\N	1992-07-17
182	21	11	\N	2017-09-06
183	22	11	\N	1993-08-23
184	23	11	\N	1968-09-16
185	24	11	\N	2015-12-02
186	25	11	\N	1987-02-23
187	26	11	\N	2000-08-01
188	28	11	\N	2014-06-10
189	30	11	\N	2009-05-07
190	36	11	\N	2015-12-16
191	38	11	\N	2000-04-27
192	196	11	\N	2004-07-13
193	41	11	\N	2011-04-06
194	42	11	\N	1993-04-23
195	44	11	\N	1972-07-26
196	45	11	\N	1998-06-23
197	47	11	2006-10-20	2006-10-30
198	50	11	\N	2002-10-22
199	50	11	\N	2002-10-22
200	50	11	\N	2008-12-12
201	51	11	\N	2004-07-02
202	53	11	\N	1995-09-14
203	56	11	\N	2000-12-11
204	57	11	\N	1978-07-03
205	59	11	\N	1971-03-29
206	60	11	1962-03-13	1985-06-27
207	61	11	1961-10-09	1964-11-25
208	64	11	\N	2006-08-21
209	65	11	1961-10-05	1965-12-15
210	67	11	1961-10-05	1985-03-19
211	68	11	\N	2001-07-17
212	69	11	\N	2017-01-19
213	72	11	\N	2018-07-30
214	75	11	\N	2004-01-20
215	76	11	\N	1972-04-18
216	77	11	2004-09-07	2004-09-28
217	78	11	\N	2004-10-26
218	82	11	1996-10-29	1999-01-08
219	83	11	\N	1977-11-11
220	84	11	1961-12-15	1977-12-13
221	85	11	\N	2020-11-02
222	86	11	1970-03-12	1970-05-28
223	88	11	\N	2000-04-05
224	163	11	\N	2006-10-25
225	92	11	\N	2010-11-15
226	94	11	\N	1995-05-11
227	96	11	\N	1972-04-24
228	97	11	\N	1995-05-24
229	99	11	1962-04-18	1972-07-19
230	100	11	\N	1996-11-05
231	101	11	1961-10-05	1979-04-04
232	103	11	\N	1967-02-24
233	107	11	\N	1967-06-12
234	108	11	\N	1991-11-18
235	110	11	\N	1968-12-20
236	111	11	\N	1994-12-01
237	114	11	\N	2002-04-24
238	115	11	\N	2009-04-02
239	116	11	\N	2007-01-30
240	117	11	\N	2015-11-27
241	120	11	\N	2000-04-25
242	123	11	1962-11-30	1965-08-09
243	124	11	\N	2001-02-07
244	125	11	\N	2012-09-07
245	130	11	1983-05-30	1983-05-30
246	143	11	\N	2011-05-12
247	143	11	\N	2011-05-12
248	133	11	\N	2019-10-17
249	135	11	\N	1990-10-30
250	137	11	\N	2013-12-10
251	138	11	\N	2010-01-13
252	139	11	\N	2018-09-12
253	140	11	\N	2004-11-19
254	141	11	1965-08-20	1968-12-06
255	113	11	\N	2006-06-19
256	129	11	\N	1993-09-20
257	143	11	\N	2000-06-07
258	144	11	\N	1991-09-04
259	146	11	\N	1994-02-26
260	147	11	\N	2001-12-05
261	148	11	\N	2002-05-02
262	149	11	\N	1999-01-18
263	150	11	\N	1994-05-26
264	151	11	\N	2007-12-19
265	154	11	\N	2001-04-26
266	155	11	\N	1978-06-09
267	157	11	\N	2021-01-18
268	158	11	\N	2001-06-06
269	159	11	\N	1992-06-08
270	162	11	\N	1994-08-03
271	165	11	1976-10-21	1978-07-27
272	168	11	\N	1976-10-29
273	169	11	1999-03-02	1999-03-02
274	170	11	1961-10-05	1973-01-10
275	172	11	\N	2015-02-20
276	177	11	\N	1971-10-28
277	178	11	\N	1999-10-28
278	179	11	\N	2017-07-10
279	180	11	1962-05-08	1985-07-31
280	184	11	\N	2003-04-02
281	186	11	1961-10-19	1964-08-21
282	187	11	\N	1980-12-24
283	188	11	\N	2012-02-09
284	189	11	\N	2011-07-25
285	190	11	\N	2008-08-01
286	191	11	\N	1998-07-01
287	10	12	\N	\N
288	170	12	\N	\N
289	186	12	\N	\N
290	2	13	\N	2006-11-01
291	4	13	\N	2017-04-26
292	6	13	\N	1985-05-01
293	7	13	\N	2001-02-02
294	8	13	\N	2012-06-27
295	9	13	\N	2010-03-15
296	10	13	2019-11-22	2020-07-14
297	12	13	\N	1997-06-17
298	15	13	\N	1969-02-10
299	16	13	\N	1997-06-06
300	17	13	1966-01-21	1970-11-19
301	18	13	\N	2009-09-08
302	22	13	\N	2008-06-16
303	23	13	\N	1969-02-10
304	24	13	\N	2018-11-29
305	26	13	\N	1999-11-23
306	33	13	\N	1988-09-26
307	37	13	\N	1991-05-06
308	38	13	\N	2013-04-10
309	41	13	\N	2016-03-16
310	42	13	\N	2006-02-28
311	44	13	\N	1982-10-26
312	45	13	\N	1993-01-28
313	47	13	1969-01-07	1969-08-02
314	52	13	1966-03-01	1968-12-12
315	56	13	\N	1996-02-02
316	60	13	1965-11-15	1969-09-11
317	61	13	1967-01-12	1972-07-03
318	64	13	\N	2021-05-31
319	65	13	1965-11-15	1979-04-27
320	67	13	1983-07-20	1983-07-20
321	76	13	\N	2004-07-13
322	77	13	\N	2008-11-10
323	78	13	\N	2006-11-23
324	82	13	1989-10-20	1994-04-05
325	83	13	1965-11-25	1972-08-14
326	84	13	1979-01-25	1981-11-25
327	86	13	1970-03-12	1970-05-28
328	88	13	\N	2015-10-15
329	163	13	\N	2000-01-13
330	91	13	\N	2002-05-08
331	94	13	\N	1995-03-28
332	100	13	\N	2000-08-02
333	101	13	1971-10-27	1975-07-09
334	103	13	\N	1972-04-24
335	107	13	\N	2011-02-24
336	108	13	\N	2020-07-29
337	111	13	\N	1999-11-02
338	114	13	\N	2007-03-01
339	116	13	\N	2012-01-16
340	117	13	\N	2011-03-24
341	123	13	1965-11-15	1975-11-03
342	125	13	\N	2019-07-24
343	130	13	1968-10-15	1969-08-02
344	132	13	\N	1988-12-07
345	139	13	\N	2020-03-04
346	140	13	\N	1996-02-13
347	141	13	1971-07-05	1973-12-27
348	113	13	\N	2012-07-04
349	129	13	\N	2008-12-23
350	143	13	\N	2003-08-21
351	144	13	\N	2001-05-01
352	148	13	\N	2005-01-06
353	150	13	\N	2002-04-15
354	154	13	\N	2010-07-02
355	155	13	\N	1980-11-18
356	158	13	\N	1993-03-15
357	159	13	\N	2000-09-18
358	165	13	1976-10-21	1987-06-04
359	166	13	\N	2000-08-31
360	169	13	1969-02-04	1969-08-02
361	170	13	1985-05-21	1994-11-02
362	179	13	\N	2017-07-10
363	180	13	1968-06-11	1972-02-28
364	184	13	\N	2001-02-01
365	186	13	1965-12-10	1967-11-17
366	187	13	1965-11-15	1967-08-24
367	191	13	\N	1993-10-29
368	192	13	\N	2016-03-16
369	83	14	1965-11-25	\N
370	2	15	\N	2010-04-08
371	44	15	1971-02-01	1976-06-08
372	91	15	\N	2002-05-08
373	123	15	1972-07-12	1979-06-21
374	141	15	1983-06-21	1983-06-21
375	44	16	1971-02-01	1976-06-08
376	91	16	\N	2002-05-08
377	123	16	1972-07-12	1979-06-21
378	141	16	1983-06-21	1983-06-21
379	2	17	\N	2013-03-07
380	9	17	\N	1985-09-24
381	44	17	\N	1983-01-13
382	45	17	\N	1993-06-28
383	47	17	1972-12-05	1975-06-25
384	52	17	1979-05-08	1980-04-21
385	56	17	\N	2002-11-07
386	60	17	1974-11-19	1977-06-16
387	84	17	1986-02-19	1986-02-19
388	101	17	1981-11-06	1991-02-13
389	123	17	1979-08-29	1981-06-23
390	130	17	1972-10-12	1978-08-15
391	140	17	\N	1996-04-25
392	141	17	1985-05-10	1985-05-10
393	113	17	\N	2011-10-10
394	158	17	\N	1993-03-15
395	169	17	1974-09-13	1975-06-25
396	170	17	1975-07-23	1976-05-18
397	186	17	1970-06-01	1974-05-21
398	10	18	1973-09-06	1975-03-12
399	16	18	\N	1999-04-16
400	17	18	1971-05-04	1975-04-04
401	22	18	\N	1993-08-23
402	42	18	\N	1993-04-23
403	45	18	\N	1993-01-28
404	61	18	1971-05-04	1972-02-07
405	94	18	\N	2000-08-16
406	100	18	\N	2002-01-23
407	101	18	1971-06-03	1980-10-14
408	116	18	\N	2007-03-18
409	117	18	\N	2010-04-26
410	123	18	1971-05-04	1978-10-31
411	140	18	\N	2002-03-29
412	141	18	1971-05-04	\N
413	129	18	\N	1993-09-20
414	154	18	\N	2001-04-29
415	158	18	\N	1993-03-15
416	159	18	\N	1992-06-08
417	165	18	1986-08-21	1987-09-22
418	170	18	1980-12-03	1986-11-03
419	184	18	\N	2011-10-19
420	4	19	\N	2017-04-26
421	7	19	\N	1987-05-08
422	8	19	\N	2012-06-27
423	9	19	\N	1992-10-23
424	15	19	\N	1981-03-05
425	16	19	\N	2001-08-07
426	22	19	\N	2008-06-16
427	24	19	\N	2014-04-09
428	26	19	\N	1999-11-23
429	37	19	\N	1997-12-08
430	38	19	\N	2012-01-13
431	41	19	\N	2016-03-16
432	42	19	\N	2009-10-01
433	44	19	\N	1983-01-13
434	45	19	\N	1993-06-28
435	47	19	1972-04-18	1972-06-20
436	56	19	\N	1996-02-02
437	60	19	1976-03-09	1976-04-07
438	61	19	1972-08-24	1974-08-07
439	64	19	\N	2021-05-31
440	65	19	1970-03-18	1979-04-27
441	67	19	2005-01-18	2005-01-18
442	76	19	\N	2004-07-13
443	77	19	\N	2008-11-10
444	78	19	\N	2007-02-07
445	83	19	1977-11-11	1979-07-19
446	84	19	1975-02-06	1982-06-22
447	88	19	\N	2016-09-26
448	163	19	\N	2009-12-14
449	91	19	\N	2002-05-08
450	94	19	\N	1995-03-28
451	99	19	\N	2008-11-12
452	100	19	\N	2000-08-02
453	101	19	1975-05-02	1977-07-26
454	107	19	\N	2011-02-24
455	111	19	\N	1989-07-27
456	114	19	\N	1986-01-17
457	116	19	\N	2012-01-16
458	117	19	\N	2011-03-24
459	123	19	\N	1981-04-08
460	125	19	\N	2019-02-27
461	130	19	1970-03-18	1972-08-03
462	140	19	\N	1996-02-13
463	141	19	1970-03-18	1975-03-12
464	129	19	\N	2009-03-19
465	143	19	\N	2003-08-21
466	144	19	\N	2001-05-01
467	154	19	\N	2010-07-02
468	155	19	\N	2004-01-07
469	157	19	\N	1978-10-27
470	158	19	\N	1993-03-15
471	159	19	\N	2000-09-18
472	162	19	\N	1997-07-08
473	165	19	1976-10-21	1987-05-22
474	166	19	\N	2000-08-31
475	169	19	1975-04-21	1975-05-02
476	170	19	1985-05-21	1994-11-02
477	180	19	2000-12-13	2004-08-13
478	184	19	\N	2001-02-01
479	186	19	1970-03-18	1976-07-16
480	187	19	1970-07-27	1972-08-08
481	191	19	\N	1993-11-01
482	192	19	\N	2020-03-04
483	84	20	1975-02-06	\N
484	101	20	1973-10-02	\N
485	123	20	1973-10-02	\N
486	141	20	1973-10-10	1976-04-22
487	158	20	\N	1993-01-01
488	180	20	1976-09-29	\N
489	186	20	1973-10-02	\N
490	17	21	1976-03-24	\N
491	42	21	\N	1994-01-22
492	60	21	1992-08-10	1992-08-10
493	61	21	1973-12-18	1977-07-19
494	84	21	1975-02-06	\N
495	101	21	1973-10-02	1985-05-31
496	116	21	\N	2007-03-01
497	123	21	1973-10-02	1979-06-27
498	130	21	1973-10-02	1976-10-13
499	141	21	1973-10-10	\N
500	129	21	\N	1993-09-20
501	154	21	\N	2001-04-29
502	159	21	\N	1992-06-08
503	165	21	1987-03-11	1988-11-23
504	2	22	\N	2011-08-29
505	4	22	\N	2011-04-06
506	9	22	\N	2000-10-20
507	17	22	1976-11-09	\N
508	45	22	\N	1993-01-28
509	47	22	1987-05-26	1987-10-07
510	56	22	\N	1996-12-17
511	60	22	1980-05-28	1983-04-29
512	61	22	1973-12-18	1977-07-19
513	65	22	1973-10-02	1987-01-28
514	67	22	2003-11-13	2003-11-13
515	84	22	1975-02-06	1981-10-02
516	100	22	\N	2002-06-05
517	101	22	1973-10-02	1981-03-19
518	123	22	1973-10-02	1980-12-12
519	130	22	1976-07-13	1978-04-12
520	140	22	\N	1995-02-14
521	141	22	1973-10-10	1975-12-04
522	158	22	\N	1993-03-15
523	165	22	1982-10-26	1987-06-16
524	169	22	1977-02-01	1977-02-17
525	170	22	1975-07-23	1976-05-18
526	180	22	1973-10-02	1983-08-23
527	184	22	\N	2007-04-03
528	186	22	1973-11-30	1979-12-21
529	2	23	\N	2011-08-29
530	17	23	1976-11-09	\N
531	56	23	\N	2001-10-22
532	61	23	1973-12-18	1977-07-19
533	65	23	1983-01-31	1987-01-28
534	67	23	2003-06-25	2003-06-25
535	84	23	1975-02-06	1981-10-02
536	86	23	1986-02-28	1986-06-05
537	100	23	\N	2001-06-11
538	101	23	1973-10-02	1981-10-13
539	123	23	1973-10-02	1980-12-12
540	140	23	\N	1996-02-13
541	141	23	1973-10-10	1975-12-17
542	165	23	1982-10-26	1986-07-04
543	170	23	1975-07-23	1976-05-18
544	180	23	1973-10-02	1983-08-23
545	10	24	1978-03-14	\N
546	61	24	1978-09-26	1979-09-26
547	101	24	1982-10-14	1984-06-19
548	123	24	1988-10-14	1992-06-25
549	141	24	1978-07-12	\N
550	9	25	1980-07-09	1987-12-29
551	52	25	1978-03-14	\N
552	60	25	1980-09-24	\N
553	101	25	1978-03-14	1991-02-13
554	123	25	1987-09-11	1989-10-12
555	141	25	1978-05-26	\N
556	7	26	1992-02-05	1992-02-05
557	61	26	1978-03-14	1985-09-03
558	123	26	1987-09-11	1992-07-21
559	141	26	1978-05-26	1982-03-04
560	2	27	\N	2007-05-04
561	4	27	\N	2011-04-06
562	7	27	1991-01-28	1991-03-19
563	8	27	\N	2007-03-01
564	9	27	1986-10-29	1986-10-29
565	10	27	1987-05-12	1988-07-14
566	12	27	\N	1993-10-01
567	15	27	\N	2019-07-11
568	16	27	\N	1998-01-12
569	17	27	1982-01-11	1999-02-09
570	18	27	\N	1989-06-22
571	21	27	\N	2016-07-13
572	22	27	\N	1993-08-23
573	24	27	\N	1999-10-19
574	26	27	\N	2003-05-20
575	27	27	\N	1992-05-25
576	33	27	1980-10-25	1983-06-02
577	36	27	\N	1994-02-23
578	38	27	\N	1995-12-13
579	41	27	\N	1998-11-09
580	42	27	\N	1993-04-23
581	43	27	\N	2018-09-12
582	44	27	\N	1994-11-04
583	45	27	1992-12-28	1997-12-15
584	47	27	1991-04-17	1991-04-17
585	50	27	\N	2004-08-11
586	51	27	\N	1992-01-22
587	53	27	\N	2001-02-05
588	56	27	\N	2001-04-18
589	59	27	\N	1999-03-16
590	60	27	1994-05-25	1994-05-25
591	61	27	1980-10-25	1982-09-16
592	62	27	\N	2010-12-06
593	64	27	\N	1997-07-24
594	65	27	1987-09-09	1990-09-27
595	67	27	1980-10-25	1993-03-19
596	69	27	\N	2002-02-06
597	70	27	\N	2011-11-07
598	72	27	\N	2019-02-05
599	75	27	\N	1993-12-20
600	76	27	\N	1986-04-07
601	77	27	\N	1996-08-14
602	81	27	\N	2014-03-21
603	82	27	1990-05-23	1991-07-16
604	83	27	1991-09-04	1991-09-04
605	84	27	1987-03-02	1995-02-22
606	85	27	\N	2017-02-24
607	86	27	2014-01-24	2014-01-24
608	88	27	\N	2013-06-03
609	163	27	\N	2012-12-13
610	94	27	\N	2001-11-15
611	96	27	\N	2012-06-18
612	100	27	\N	2002-06-05
613	101	27	1984-12-18	1986-10-08
614	107	27	\N	1999-10-26
615	110	27	\N	1993-03-23
616	111	27	\N	1991-06-20
617	114	27	\N	1992-11-12
618	116	27	\N	2007-03-01
619	117	27	\N	2010-03-09
620	123	27	1987-09-11	1990-06-12
621	124	27	\N	1991-05-31
622	125	27	\N	2000-12-14
623	130	27	1989-01-09	1989-01-09
624	132	27	\N	2016-12-22
625	135	27	\N	1994-02-02
626	137	27	\N	1998-05-13
627	138	27	\N	2001-05-28
628	139	27	\N	2016-03-16
629	140	27	\N	1992-08-10
630	141	27	1982-06-22	1983-09-29
631	113	27	\N	1998-04-10
632	129	27	\N	1993-09-20
633	143	27	\N	1992-11-20
634	144	27	\N	2011-07-28
635	146	27	\N	1994-05-31
636	150	27	\N	2006-12-14
637	154	27	\N	2001-04-29
638	155	27	\N	2008-05-27
639	157	27	\N	2010-12-28
640	158	27	1992-12-28	2000-11-07
641	159	27	\N	1994-03-22
642	162	27	\N	1997-07-08
643	165	27	1986-02-07	1987-06-16
644	166	27	\N	2001-09-28
645	169	27	1989-03-22	1989-03-22
646	170	27	1980-10-25	1983-10-11
647	174	27	\N	2002-08-14
648	178	27	\N	2000-06-07
649	179	27	\N	2017-07-10
650	180	27	1998-01-21	2000-05-31
651	181	27	\N	1997-12-29
652	184	27	\N	2006-06-02
653	186	27	1984-11-19	1986-05-20
654	187	27	1981-12-23	1988-04-29
655	188	27	\N	1999-11-16
656	189	27	\N	1999-05-31
657	191	27	1996-10-16	1996-10-16
658	194	27	\N	2014-08-26
659	195	27	\N	1995-04-04
660	2	28	\N	2007-10-15
661	16	28	\N	1997-12-18
662	22	28	\N	1993-08-23
663	24	28	\N	2011-11-15
664	26	28	\N	1999-11-23
665	41	28	\N	2016-03-16
666	42	28	\N	1993-04-23
667	44	28	\N	2000-07-27
668	45	28	2000-04-28	2001-04-03
669	56	28	\N	1996-02-02
670	60	28	1985-09-12	1988-06-13
671	61	28	1980-10-25	1982-12-22
672	65	28	1980-10-25	\N
673	67	28	1980-10-25	\N
674	84	28	1988-05-26	\N
675	88	28	\N	2015-01-29
676	94	28	\N	1999-12-20
677	100	28	\N	2000-08-04
678	101	28	1981-04-13	2003-02-06
679	107	28	\N	2011-02-24
680	116	28	\N	2007-03-01
681	117	28	1981-09-16	\N
682	123	28	1989-09-15	1992-03-02
683	140	28	\N	1992-08-10
684	129	28	\N	1993-09-20
685	143	28	\N	2003-08-21
686	154	28	\N	2001-04-29
687	158	28	2002-09-19	2003-03-11
688	159	28	\N	1992-06-08
689	165	28	1987-01-12	1988-02-08
690	169	28	1987-01-15	1987-01-15
691	170	28	1985-05-21	1994-10-28
692	180	28	2004-07-07	\N
693	9	29	1991-10-17	1991-10-17
694	33	29	1988-10-11	1992-10-20
695	44	29	1998-03-11	2017-03-15
696	61	29	1991-11-26	\N
697	84	29	1985-07-01	1990-02-21
698	99	29	\N	2004-12-13
699	101	29	1985-07-01	2003-10-16
700	107	29	\N	1994-12-07
701	114	29	\N	2007-06-01
702	123	29	1985-07-01	1995-11-28
703	135	29	\N	2017-08-30
704	150	29	\N	2005-04-28
705	170	29	2007-04-03	2007-04-26
706	186	29	1986-01-10	1989-11-17
707	187	29	1988-06-13	\N
708	7	30	\N	1991-10-04
709	45	30	1986-12-22	\N
710	123	30	1990-02-02	\N
711	113	30	\N	1997-12-24
712	158	30	1986-12-22	\N
713	7	31	1990-01-24	\N
714	101	31	1995-02-23	\N
715	123	31	\N	\N
716	170	31	1989-08-01	\N
717	2	32	2000-09-12	2000-09-12
718	4	32	\N	1997-01-03
719	8	32	\N	2007-03-01
720	9	32	1998-08-25	1998-08-25
721	10	32	1998-12-18	1999-05-19
722	11	32	\N	2004-06-22
723	16	32	1997-12-10	2003-07-17
724	17	32	1999-01-27	2005-05-26
725	18	32	\N	2005-12-20
726	19	32	2018-06-28	2018-06-28
727	21	32	2000-11-10	2002-03-12
728	24	32	1993-05-29	1999-03-10
729	26	32	2001-02-27	2002-05-15
730	27	32	1994-04-19	1996-01-11
731	28	32	\N	1998-10-15
732	30	32	\N	2009-09-04
733	31	32	\N	2007-04-06
734	33	32	1994-04-12	1996-12-19
735	36	32	1999-07-13	1999-07-13
736	37	32	2000-11-30	2005-09-16
737	38	32	1993-09-01	1998-07-13
738	40	32	\N	2019-12-11
739	41	32	1993-05-29	1995-10-30
740	29	32	\N	2015-06-11
741	42	32	\N	2013-12-05
742	43	32	\N	2007-02-20
743	44	32	1994-11-17	1995-02-20
744	45	32	1999-12-01	2000-02-11
745	47	32	1997-07-02	1997-07-02
746	50	32	\N	2006-11-22
747	51	32	1994-05-03	1995-09-07
748	53	32	1996-11-21	1998-11-17
749	56	32	\N	2002-02-22
750	57	32	\N	2013-03-05
751	59	32	\N	2012-04-29
752	60	32	1994-04-19	1997-03-27
753	61	32	1995-04-05	1998-06-30
754	64	32	\N	1999-04-09
755	65	32	1997-11-07	2001-11-22
756	66	32	\N	2016-09-16
757	67	32	2009-09-02	2009-09-02
758	69	32	\N	2002-11-26
759	70	32	\N	2003-10-21
760	72	32	\N	2019-02-05
761	73	32	2011-03-02	2013-12-16
762	75	32	2019-03-06	2019-03-06
763	76	32	2004-05-25	2005-04-06
764	77	32	\N	2000-01-17
765	78	32	2003-01-09	2003-06-06
766	82	32	1996-06-19	2010-07-28
767	83	32	1993-11-02	1999-02-03
768	84	32	1995-12-11	2000-01-18
769	88	32	\N	2010-07-09
770	89	32	\N	2007-02-12
771	163	32	2013-05-24	\N
772	92	32	\N	2016-07-25
773	94	32	2002-05-29	2002-08-09
774	96	32	\N	2012-08-24
775	99	32	\N	2009-01-26
776	100	32	\N	1998-04-29
777	101	32	1995-06-06	2002-07-05
778	102	32	2004-05-12	2004-05-12
779	106	32	\N	2006-05-02
780	107	32	\N	2004-10-13
781	110	32	\N	1998-09-28
782	111	32	1993-05-29	1994-09-14
783	114	32	\N	1999-06-29
784	115	32	\N	2000-04-25
785	116	32	\N	2012-03-09
786	120	32	\N	2015-09-21
787	122	32	2009-04-28	\N
788	123	32	1993-12-05	1998-06-26
789	124	32	\N	1998-09-18
790	126	32	\N	2021-05-24
791	130	32	1996-05-20	1997-09-25
792	135	32	1999-06-15	1999-09-29
793	137	32	\N	1998-05-13
794	138	32	1994-11-16	1995-09-14
795	139	32	1995-07-17	1996-07-02
796	141	32	1999-08-26	2004-03-19
797	113	32	\N	1998-04-10
798	129	32	\N	2008-12-23
799	143	32	1993-05-29	1994-12-28
800	144	32	2000-09-07	\N
801	145	32	\N	2012-03-28
802	146	32	\N	2020-10-26
803	150	32	\N	2004-10-06
804	153	32	\N	2011-08-24
805	154	32	\N	2013-12-18
806	155	32	\N	2008-06-26
807	158	32	1999-06-01	2001-06-06
808	159	32	2002-01-24	2002-01-24
809	162	32	\N	2003-08-21
810	165	32	1995-03-27	1995-07-11
811	166	32	1994-05-24	1995-01-23
812	169	32	1996-10-10	1997-05-28
813	170	32	1995-01-16	2002-09-24
814	174	32	2004-04-29	2004-04-29
815	176	32	\N	2009-10-12
816	180	32	2001-12-05	2004-05-27
817	186	32	1994-01-12	2003-02-27
818	187	32	1994-03-31	2007-12-12
819	188	32	1993-09-01	2003-12-03
820	191	32	1997-01-10	1997-01-10
821	192	32	2010-12-07	2011-11-01
822	194	32	\N	2015-06-11
823	2	33	\N	2006-05-18
824	7	33	2015-06-11	\N
825	8	33	\N	2007-03-01
826	9	33	2003-04-01	2003-04-29
827	10	33	2003-04-01	2010-12-22
828	15	33	\N	2019-07-11
829	17	33	2003-04-01	2014-05-28
830	26	33	\N	2006-03-08
831	33	33	2017-05-23	\N
832	41	33	\N	2020-09-29
833	42	33	2008-10-30	2009-09-04
834	43	33	\N	2017-02-20
835	44	33	2003-10-14	2010-07-21
836	45	33	1999-03-04	2000-03-13
837	47	33	2003-04-01	2011-06-30
838	50	33	\N	2009-12-14
839	51	33	\N	2002-11-05
840	56	33	\N	2002-08-06
841	59	33	\N	2018-06-05
842	60	33	2003-04-01	2010-11-19
843	61	33	2003-04-01	2010-10-15
844	64	33	\N	2014-04-01
845	65	33	2003-04-01	2010-09-17
846	67	33	2003-04-01	2012-02-07
847	72	33	\N	2019-02-05
848	75	33	\N	2017-10-16
849	76	33	2005-07-04	2006-01-13
850	82	33	2003-04-01	2010-09-30
851	84	33	2003-04-01	2015-09-30
852	94	33	2002-05-15	2002-12-12
853	96	33	\N	2012-06-18
854	100	33	\N	2003-10-29
855	101	33	2003-04-01	2010-08-05
856	107	33	\N	2011-02-24
857	114	33	1997-05-14	1997-05-14
858	116	33	\N	2012-02-14
859	117	33	1996-10-19	2002-08-22
860	123	33	1997-09-01	2011-01-31
861	125	33	\N	2019-02-27
862	130	33	2016-04-30	2016-04-30
863	137	33	\N	2018-09-12
864	140	33	2000-11-22	2010-07-27
865	141	33	2003-04-01	2011-04-14
866	129	33	2019-12-09	\N
867	143	33	2006-11-15	2010-09-08
868	144	33	\N	2012-08-20
869	154	33	\N	2016-01-15
870	158	33	1999-06-01	2001-09-21
871	159	33	2004-05-13	2004-10-11
872	165	33	2003-04-01	2010-09-06
873	169	33	2003-04-01	2012-09-26
874	170	33	2003-04-01	2009-03-27
875	180	33	2016-10-07	2016-10-07
876	184	33	\N	2007-04-03
877	186	33	2003-04-01	2012-07-27
878	187	33	2010-10-22	\N
879	188	33	2009-11-17	2009-11-17
880	10	34	2013-07-10	2013-10-09
881	17	34	2017-02-06	2020-09-30
882	44	34	2009-04-01	2018-07-04
883	45	34	2009-04-01	2012-04-18
884	56	34	\N	2010-12-13
885	60	34	2008-09-18	2010-11-19
886	61	34	2001-07-13	2008-09-18
887	65	34	2003-12-22	2007-04-03
888	67	34	2008-09-18	\N
889	82	34	2008-09-18	\N
890	84	34	2008-10-31	\N
891	94	34	2016-12-15	2017-11-24
892	101	34	2008-09-18	\N
893	114	34	2016-03-04	2016-03-04
894	123	34	2000-01-13	\N
895	140	34	2008-09-18	\N
896	141	34	2018-03-14	2018-03-14
897	170	34	2007-04-03	2009-03-27
898	186	34	2003-04-01	2003-11-05
899	110	35	2008-04-28	2009-10-15
900	170	35	2006-07-05	2009-09-14
901	187	35	2006-07-05	2016-12-15
902	10	36	\N	2015-10-01
903	17	36	\N	2015-10-01
904	26	36	\N	2015-10-01
905	37	36	2017-09-12	\N
906	42	36	\N	2015-10-01
907	44	36	\N	2015-10-01
908	45	36	\N	2015-10-01
909	47	36	\N	2018-05-30
910	56	36	\N	2015-10-01
911	60	36	\N	2015-10-01
912	61	36	\N	2015-10-01
913	65	36	\N	2015-10-01
914	67	36	\N	2015-10-01
915	76	36	\N	2015-10-01
916	82	36	\N	2015-10-01
917	83	36	2021-03-03	\N
918	84	36	\N	2015-10-01
919	94	36	\N	2015-10-01
920	100	36	\N	2015-10-01
921	101	36	\N	2015-10-01
922	107	36	\N	2015-10-01
923	111	36	\N	2007-09-26
924	116	36	2017-10-05	2018-04-18
925	123	36	\N	2015-10-01
926	140	36	\N	2015-10-01
927	141	36	\N	2015-10-01
928	129	36	2019-12-09	\N
929	143	36	\N	2015-10-01
930	157	36	2015-03-25	2016-06-02
931	158	36	\N	2015-10-01
932	159	36	\N	2015-10-01
933	165	36	\N	2015-10-01
934	169	36	\N	2015-10-01
935	184	36	2016-03-21	\N
936	186	36	\N	2020-09-28
937	187	36	2009-01-19	\N
938	2	37	2011-10-21	2012-09-13
939	10	37	\N	2014-08-01
940	16	37	2017-03-15	2018-02-16
941	17	37	\N	2014-08-01
942	22	37	2011-07-05	2012-10-25
943	24	37	2017-07-17	2017-07-17
944	26	37	\N	2014-08-01
945	27	37	2009-01-07	\N
946	33	37	2017-05-23	\N
947	42	37	\N	2014-08-01
948	44	37	\N	2014-08-01
949	45	37	\N	2014-08-01
950	56	37	\N	2014-08-01
951	60	37	\N	2014-08-01
952	61	37	\N	2014-08-01
953	65	37	\N	2014-08-01
954	67	37	\N	2014-08-01
955	72	37	\N	2019-02-05
956	75	37	\N	2017-10-16
957	76	37	\N	2014-08-01
958	82	37	\N	2014-08-01
959	84	37	\N	2014-08-01
960	88	37	\N	2017-06-06
961	94	37	\N	2014-08-01
962	100	37	\N	2014-08-01
963	101	37	\N	2014-08-01
964	107	37	\N	2014-08-01
965	116	37	\N	2015-12-02
966	123	37	\N	2014-08-01
967	124	37	2019-11-26	2021-07-23
968	125	37	\N	2019-03-08
969	130	37	2010-06-08	2011-04-06
970	140	37	\N	2014-08-01
971	141	37	\N	2014-08-01
972	129	37	2019-12-09	\N
973	143	37	\N	2014-08-01
974	154	37	2020-09-16	2020-10-23
975	158	37	\N	2014-08-01
976	159	37	\N	2014-08-01
977	165	37	\N	2014-08-01
978	169	37	\N	2014-08-01
979	180	37	2016-10-07	2016-10-07
980	184	37	2010-07-07	2013-07-24
981	186	37	2018-12-28	2020-09-28
982	187	37	2007-11-23	2016-09-07
983	10	38	\N	2013-08-01
984	17	38	\N	2013-08-01
985	24	38	2017-07-17	2017-07-17
986	26	38	\N	2013-08-01
987	42	38	\N	2013-08-01
988	44	38	\N	2013-08-01
989	45	38	\N	2013-08-01
990	56	38	\N	2013-08-01
991	60	38	\N	2013-08-01
992	61	38	\N	2013-08-01
993	65	38	\N	2013-08-01
994	67	38	\N	2013-08-01
995	76	38	\N	2013-08-01
996	82	38	\N	2013-08-01
997	84	38	\N	2013-08-01
998	88	38	\N	2016-12-12
999	94	38	\N	2013-08-01
1000	100	38	\N	2013-08-01
1001	101	38	\N	2013-08-01
1002	107	38	\N	2013-08-01
1003	123	38	\N	2013-08-01
1004	140	38	\N	2013-08-01
1005	141	38	\N	2013-08-01
1006	129	38	2019-12-09	\N
1007	143	38	\N	2013-08-01
1008	154	38	2012-04-18	2013-04-10
1009	158	38	\N	2013-08-01
1010	159	38	\N	2013-08-01
1011	165	38	\N	2013-08-01
1012	169	38	\N	2013-08-01
1013	184	38	2016-03-21	\N
1014	83	39	2021-03-03	\N
1015	184	39	2020-03-04	\N
1016	188	39	2019-07-02	\N
1017	7	40	\N	1981-10-09
1018	16	40	1974-06-14	1997-01-23
1019	17	40	\N	2008-08-01
1020	19	40	\N	2011-07-29
1021	22	40	\N	1994-01-12
1022	24	40	1974-06-14	\N
1023	26	40	1975-02-24	\N
1024	28	40	\N	1998-09-04
1025	41	40	1974-08-30	\N
1026	29	40	\N	2016-02-01
1027	43	40	\N	1994-11-02
1028	45	40	\N	1993-09-30
1029	50	40	\N	1977-12-23
1030	52	40	\N	1982-12-06
1031	66	40	1974-12-05	1975-10-07
1032	70	40	\N	1991-01-23
1033	76	40	1974-06-14	1983-06-16
1034	97	40	\N	2005-09-16
1035	111	40	\N	1988-01-21
1036	115	40	1974-06-14	\N
1037	116	40	\N	2006-10-23
1038	125	40	1975-05-13	\N
1039	130	40	1975-12-11	1980-03-20
1040	137	40	\N	2003-08-18
1041	140	40	1974-06-14	1995-05-19
1042	113	40	\N	1997-08-28
1043	143	40	\N	1992-04-23
1044	144	40	1974-06-14	\N
1045	154	40	\N	2001-03-12
1046	158	40	\N	1993-05-28
1047	159	40	\N	1995-08-02
1048	183	40	\N	1992-02-12
1049	184	40	1974-06-14	1993-09-13
1050	187	40	\N	1994-05-05
1051	188	40	\N	1997-04-01
1052	194	40	\N	1986-06-06
1053	7	41	\N	1983-07-19
1054	17	41	\N	2008-08-01
1055	45	41	\N	1993-09-30
1056	52	41	\N	1982-12-06
1057	70	41	\N	1991-01-23
1058	76	41	\N	1983-06-16
1059	97	41	\N	2005-09-16
1060	111	41	\N	1988-01-21
1061	116	41	\N	2012-08-06
1062	140	41	\N	1995-05-19
1063	143	41	\N	1992-04-23
1064	158	41	\N	1993-05-28
1065	159	41	\N	1995-08-02
1066	183	41	\N	1992-02-12
1067	187	41	\N	1994-05-05
1068	188	41	\N	1997-04-01
1069	194	41	\N	1986-06-06
1070	2	42	\N	2009-05-13
1071	7	42	\N	1983-07-19
1072	8	42	\N	2008-12-02
1073	9	42	\N	1988-03-17
1074	10	42	1980-04-11	1987-12-29
1075	11	42	\N	2016-05-03
1076	13	42	\N	2013-09-25
1077	16	42	\N	1989-10-09
1078	17	42	\N	1996-10-31
1079	19	42	\N	2011-07-29
1080	22	42	\N	1994-01-12
1081	24	42	\N	2013-03-04
1082	26	42	\N	1990-07-09
1083	28	42	\N	1998-09-04
1084	32	42	\N	2017-10-11
1085	33	42	\N	1991-04-23
1086	36	42	1980-04-11	1990-02-07
1087	37	42	1981-09-30	1986-12-11
1088	38	42	\N	2001-07-10
1089	40	42	\N	2014-06-11
1090	41	42	\N	2017-07-12
1091	42	42	\N	1998-06-08
1092	43	42	\N	1994-11-02
1093	44	42	\N	2005-03-07
1094	45	42	\N	1993-09-30
1095	163	42	\N	2019-03-27
1096	47	42	1981-05-26	1989-02-14
1097	50	42	\N	2010-06-07
1098	51	42	\N	1992-01-27
1099	52	42	\N	1982-12-06
1100	53	42	\N	2006-11-27
1101	56	42	\N	1993-09-20
1102	59	42	\N	2017-06-07
1103	60	42	1981-05-26	1987-12-15
1104	61	42	1981-08-27	1982-08-06
1105	62	42	\N	2004-12-15
1106	64	42	\N	1994-08-16
1107	65	42	1981-05-26	1989-12-21
1108	66	42	1980-04-11	\N
1109	67	42	\N	1998-01-12
1110	69	42	\N	2019-12-11
1111	70	42	\N	1991-01-23
1112	72	42	\N	2014-09-25
1113	75	42	\N	2002-10-10
1114	76	42	1980-04-11	1983-06-16
1115	77	42	\N	2001-05-10
1116	81	42	\N	1990-03-05
1117	83	42	\N	2002-01-22
1118	84	42	1981-09-30	1986-12-11
1119	86	42	\N	2008-07-01
1120	92	42	\N	1999-05-11
1121	93	42	\N	2019-09-24
1122	94	42	\N	1997-07-31
1123	95	42	\N	2008-11-21
1124	96	42	1981-06-18	1981-06-18
1125	97	42	\N	2005-09-16
1126	99	42	\N	2019-04-30
1127	100	42	\N	1995-01-18
1128	101	42	\N	1997-01-30
1129	102	42	\N	2014-09-24
1130	109	42	\N	1999-08-20
1131	111	42	\N	1987-12-29
1132	115	42	\N	1997-12-31
1133	116	42	\N	2006-10-23
1134	123	42	1981-05-29	1990-12-13
1135	124	42	\N	1994-09-22
1136	129	42	\N	2006-11-22
1137	130	42	1981-05-26	1988-07-20
1138	137	42	\N	2006-01-13
1139	138	42	\N	1999-03-25
1140	140	42	1981-09-28	1995-05-19
1141	141	42	\N	2020-09-23
1142	163	42	\N	2004-02-17
1143	113	42	\N	1994-10-13
1144	143	42	\N	1991-05-22
1145	144	42	\N	1990-08-16
1146	150	42	\N	2012-02-22
1147	154	42	\N	2001-03-12
1148	157	42	1980-04-11	1995-02-16
1149	158	42	\N	1993-05-28
1150	159	42	\N	1994-01-07
1151	165	42	\N	1990-07-24
1152	148	42	\N	2000-09-12
1153	134	42	\N	2017-12-29
1154	169	42	1981-05-26	1987-12-15
1155	170	42	\N	1990-02-21
1156	171	42	\N	1982-10-19
1157	180	42	\N	2010-07-07
1158	183	42	\N	1992-02-12
1159	184	42	\N	1990-01-03
1160	187	42	1981-08-31	1986-12-11
1161	188	42	\N	1999-01-25
1162	189	42	\N	1996-11-27
1163	191	42	1981-09-28	\N
1164	192	42	\N	2015-12-18
1165	194	42	\N	1986-06-06
1166	33	43	1989-12-07	\N
1167	62	43	\N	2004-12-15
1168	70	43	\N	1991-01-23
1169	75	43	\N	2001-08-08
1170	97	43	\N	2005-09-16
1171	111	43	\N	1992-09-11
1172	144	43	1990-06-30	\N
1173	187	43	1990-06-29	\N
1174	16	44	1996-12-03	2002-01-23
1175	51	44	\N	1997-06-18
1176	53	44	1997-09-05	1998-07-31
1177	62	44	\N	2004-12-15
1178	91	44	\N	1998-10-28
1179	97	44	\N	2005-09-16
1180	135	44	1997-07-09	1998-05-21
1181	179	44	\N	1998-12-08
1182	187	44	1997-12-11	\N
1183	11	45	\N	2018-09-18
1184	13	45	\N	2020-06-04
1185	19	45	\N	2019-11-07
1186	32	45	\N	2017-10-11
1187	34	45	2006-02-27	\N
1188	37	45	2006-07-06	\N
1189	38	45	2007-09-27	\N
1190	40	45	\N	2014-01-28
1191	50	45	\N	2012-08-02
1192	59	45	\N	2017-06-07
1193	75	45	2008-01-16	2010-06-15
1194	80	45	2007-09-26	\N
1195	90	45	\N	2020-04-21
1196	95	45	2006-05-22	\N
1197	102	45	2006-09-19	\N
1198	115	45	\N	2020-12-03
1199	116	45	2007-09-27	2014-09-23
1200	135	45	2007-09-25	\N
1201	137	45	2007-03-26	2018-07-24
1202	139	45	2007-09-25	\N
1203	163	45	2008-01-15	\N
1204	144	45	2007-04-25	2014-01-06
1205	152	45	2007-11-12	\N
1206	153	45	2006-04-07	\N
1207	156	45	2006-09-21	\N
1208	157	45	2006-07-06	2010-07-07
1209	166	45	2006-07-06	2015-07-07
1210	1	46	\N	2004-11-30
1211	2	46	\N	2001-06-27
1212	3	46	\N	1989-02-07
1213	4	46	\N	2015-06-19
1214	5	46	\N	2017-03-06
1215	6	46	\N	1989-02-02
1216	7	46	1958-08-26	1989-03-14
1217	8	46	\N	1997-12-29
1218	9	46	\N	1975-03-26
1219	10	46	\N	1961-05-02
1220	11	46	\N	2000-02-29
1221	12	46	\N	2006-12-20
1222	13	46	\N	1988-04-06
1223	14	46	\N	1992-05-06
1224	15	46	\N	1993-03-16
1225	16	46	1958-12-29	1960-11-15
1226	17	46	1958-06-10	1975-08-18
1227	18	46	\N	2021-03-15
1228	19	46	\N	1974-05-16
1229	20	46	\N	2014-09-25
1230	21	46	\N	1995-04-28
1231	22	46	\N	1993-09-01
1232	23	46	\N	1971-12-20
1233	24	46	\N	2002-06-07
1234	25	46	\N	1996-07-25
1235	26	46	1958-12-17	1961-10-10
1236	27	46	\N	1987-03-23
1237	28	46	\N	2014-06-23
1238	30	46	\N	2018-03-22
1239	31	46	\N	1960-01-05
1240	32	46	\N	1988-02-19
1241	33	46	\N	1986-05-12
1242	34	46	\N	1962-10-15
1243	36	46	\N	1975-09-04
1244	37	46	\N	1987-01-22
1245	38	46	\N	1979-09-25
1246	39	46	\N	2015-04-28
1247	196	46	\N	2009-01-12
1248	41	46	1958-06-10	1987-10-26
1249	29	46	\N	1991-02-01
1250	42	46	\N	1993-07-26
1251	43	46	\N	1974-12-30
1252	44	46	\N	1980-12-29
1253	45	46	\N	1993-09-30
1254	46	46	\N	2014-11-05
1255	47	46	\N	1972-12-22
1256	48	46	\N	1983-06-14
1257	49	46	\N	1988-10-28
1258	50	46	\N	2002-04-11
1259	51	46	1958-12-17	1962-01-03
1260	52	46	\N	1959-03-09
1261	53	46	1958-06-10	1998-02-26
1262	56	46	\N	1993-08-30
1263	58	46	\N	2020-08-24
1264	59	46	\N	2010-09-27
1265	60	46	1958-12-29	1962-01-19
1266	61	46	1958-11-25	1959-06-26
1267	62	46	\N	2006-12-15
1268	64	46	\N	1994-06-02
1269	65	46	1958-06-10	1961-06-30
1270	66	46	\N	1968-04-09
1271	67	46	\N	1962-07-16
1272	69	46	\N	1984-03-21
1273	70	46	\N	1991-01-23
1274	72	46	\N	2014-09-25
1275	73	46	\N	1983-12-05
1276	74	46	\N	1975-05-14
1277	75	46	\N	2000-10-03
1278	76	46	\N	1962-03-05
1279	77	46	\N	2002-01-24
1280	78	46	1958-06-10	1960-07-13
1281	79	46	\N	1981-10-07
1282	80	46	\N	2001-10-15
1283	82	46	\N	1981-05-12
1284	83	46	1958-06-10	1959-01-05
1285	84	46	\N	1969-01-31
1286	85	46	\N	2002-07-10
1287	86	46	\N	1961-06-20
1288	87	46	1958-06-10	1979-11-15
1289	88	46	\N	1995-11-20
1290	89	46	\N	1989-02-10
1291	91	46	\N	1978-04-28
1292	92	46	\N	1996-12-18
1293	93	46	\N	1998-06-17
1294	94	46	\N	1992-04-14
1295	95	46	\N	1998-08-11
1296	96	46	\N	1989-06-13
1297	97	46	\N	2005-09-16
1298	99	46	\N	2011-07-07
1299	100	46	\N	1995-03-14
1300	101	46	1958-11-11	1983-09-09
1301	102	46	\N	1962-07-16
1302	103	46	\N	2021-03-04
1303	104	46	\N	1985-11-05
1304	105	46	\N	2019-09-17
1305	106	46	\N	1994-09-08
1306	107	46	\N	2000-06-22
1307	108	46	\N	2006-12-21
1308	109	46	\N	1997-01-30
1309	110	46	\N	1996-06-19
1310	111	46	\N	1971-04-14
1311	114	46	1958-12-31	1982-06-02
1312	115	46	\N	1994-10-24
1313	116	46	\N	2006-10-23
1314	117	46	\N	1959-02-12
1315	118	46	\N	1998-06-11
1316	119	46	\N	2013-04-16
1317	122	46	\N	1998-03-04
1318	123	46	1958-06-10	1964-04-24
1319	124	46	\N	1983-01-06
1320	125	46	\N	2003-09-24
1321	126	46	\N	1964-10-14
1322	127	46	\N	1970-03-17
1323	129	46	\N	1994-03-10
1324	130	46	\N	1961-03-14
1325	131	46	\N	1999-02-25
1326	132	46	1958-12-30	2005-07-14
1327	133	46	\N	2020-03-31
1328	135	46	\N	1984-10-10
1329	136	46	\N	2019-07-17
1330	137	46	\N	1997-10-08
1331	138	46	\N	1988-07-07
1332	139	46	1958-06-10	1967-07-06
1333	140	46	1958-06-10	1961-10-03
1334	141	46	\N	1994-10-18
1335	142	46	\N	2002-12-30
1336	163	46	\N	1973-02-08
1337	113	46	\N	1998-09-18
1338	143	46	\N	1961-09-13
1339	144	46	1958-12-29	1960-08-24
1340	145	46	\N	2008-10-31
1341	150	46	\N	1979-05-17
1342	151	46	\N	2012-11-20
1343	152	46	\N	1994-04-19
1344	153	46	\N	1994-10-17
1345	154	46	\N	2001-03-12
1346	155	46	\N	2020-02-03
1347	156	46	\N	2020-10-28
1348	157	46	\N	1986-08-21
1349	158	46	\N	1993-05-28
1350	159	46	\N	1992-07-06
1351	162	46	\N	1976-05-03
1352	165	46	\N	1977-05-12
1353	166	46	1958-12-30	1962-04-09
1354	148	46	\N	2000-09-12
1355	134	46	\N	2015-01-02
1356	167	46	\N	2018-03-26
1357	169	46	1958-12-23	1972-01-28
1358	170	46	1958-12-29	1965-06-01
1359	171	46	\N	1959-03-09
1360	172	46	\N	2012-08-14
1361	174	46	\N	1959-12-21
1362	177	46	\N	2020-06-12
1363	178	46	\N	1966-02-14
1364	179	46	\N	1967-07-17
1365	180	46	\N	1992-07-02
1366	183	46	\N	1992-02-12
1367	184	46	1958-12-29	1960-10-10
1368	185	46	\N	2006-08-21
1369	186	46	\N	1975-09-24
1370	173	46	\N	1964-10-13
1371	187	46	\N	1970-09-30
1372	188	46	\N	1983-03-30
1373	189	46	\N	1996-02-07
1374	191	46	\N	1995-02-08
1375	192	46	\N	1995-09-12
1376	194	46	\N	2002-03-14
1377	195	46	\N	1994-09-29
1378	2	47	\N	2001-06-27
1379	10	47	1961-04-21	1964-03-06
1380	11	47	\N	2005-01-17
1381	16	47	1961-04-21	1963-10-14
1382	17	47	1961-04-21	1975-10-09
1383	22	47	\N	1993-09-01
1384	26	47	1961-04-21	1964-05-13
1385	27	47	\N	1965-01-26
1386	42	47	\N	1993-07-26
1387	43	47	\N	1965-09-01
1388	45	47	\N	1993-09-30
1389	47	47	1961-04-21	1972-12-22
1390	60	47	1961-12-21	\N
1391	61	47	1961-04-21	1966-12-16
1392	65	47	1961-04-21	1964-10-27
1393	76	47	1961-04-21	1963-10-09
1394	84	47	1961-04-21	1970-08-03
1395	88	47	\N	1995-11-20
1396	94	47	\N	2003-03-20
1397	101	47	\N	1982-03-26
1398	116	47	\N	2006-10-23
1399	129	47	\N	1994-03-10
1400	140	47	1961-04-21	1964-09-15
1401	113	47	\N	1998-03-05
1402	143	47	1961-04-21	1963-08-16
1403	144	47	1961-04-21	1962-06-27
1404	154	47	\N	2001-03-12
1405	158	47	\N	1993-05-28
1406	159	47	\N	1992-07-06
1407	165	47	1961-12-14	1975-05-12
1408	180	47	1961-04-21	1992-01-24
1409	184	47	1961-04-21	1963-03-18
1410	9	48	2017-07-18	2020-09-17
1411	17	48	2015-09-15	\N
1412	19	48	2017-07-10	2021-07-19
1413	21	48	2018-04-16	2020-10-13
1414	32	48	2017-05-11	2018-06-18
1415	33	48	2015-03-17	2016-12-12
1416	40	48	2015-09-30	\N
1417	60	48	2015-03-17	\N
1418	61	48	2015-03-17	\N
1419	62	48	2015-09-29	\N
1420	63	48	2017-09-20	2018-09-28
1421	65	48	2015-03-17	\N
1422	81	48	2017-02-13	2021-08-20
1423	84	48	2015-05-19	\N
1424	101	48	2015-09-15	\N
1425	102	48	2015-10-01	\N
1426	110	48	2015-03-17	2015-06-05
1427	123	48	2016-05-18	\N
1428	169	48	2015-03-17	\N
1429	170	48	2015-03-27	2017-04-18
1430	171	48	2015-03-24	\N
1431	186	48	2015-03-17	\N
1432	187	48	2015-03-17	\N
1433	1	49	2019-08-07	\N
1434	8	49	2019-09-26	\N
1435	9	49	2021-09-10	\N
1436	16	49	2019-08-07	2020-07-15
1437	19	49	2019-08-07	\N
1438	24	49	2021-06-04	\N
1439	25	49	2019-08-07	\N
1440	35	49	2019-09-26	\N
1441	36	49	2019-08-07	\N
1442	37	49	2019-08-07	\N
1443	38	49	2019-08-07	\N
1444	40	49	2019-08-07	\N
1445	46	49	2019-08-07	\N
1446	51	49	2019-09-25	2020-09-09
1447	57	49	2019-08-07	\N
1448	59	49	2019-08-07	2020-02-25
1449	62	49	2019-09-25	\N
1450	64	49	2019-08-07	\N
1451	66	49	2020-07-22	\N
1452	68	49	2019-08-07	\N
1453	71	49	2019-09-26	\N
1454	73	49	2019-08-07	\N
1455	75	49	2019-08-07	2021-09-02
1456	78	49	2019-08-07	\N
1457	80	49	2019-08-07	\N
1458	83	49	2019-08-07	\N
1459	85	49	2019-08-07	\N
1460	87	49	2019-08-07	\N
1461	88	49	2019-08-07	\N
1462	93	49	2019-08-07	\N
1463	104	49	2019-08-07	\N
1464	105	49	2019-08-07	\N
1465	110	49	2019-08-07	\N
1466	116	49	2019-08-07	\N
1467	127	49	2019-08-07	\N
1468	129	49	2019-08-07	\N
1469	133	49	2019-08-07	\N
1470	137	49	2019-08-07	\N
1471	139	49	2019-08-07	\N
1472	142	49	2019-08-07	2020-03-12
1473	163	49	2019-08-07	\N
1474	145	49	2020-01-28	\N
1475	149	49	2019-08-07	\N
1476	152	49	2019-08-07	2020-05-05
1477	154	49	2019-08-07	\N
1478	156	49	2019-08-07	\N
1479	157	49	2019-08-07	2020-02-25
1480	166	49	2019-08-07	\N
1481	175	49	2019-08-07	\N
1482	180	49	2019-08-07	\N
1483	183	49	2019-08-07	\N
1484	184	49	2019-08-07	\N
1485	187	49	2019-08-07	\N
1486	188	49	2019-08-07	\N
1487	191	49	2019-08-07	\N
1488	3	50	\N	1969-09-10
1489	7	50	\N	1972-11-29
1490	9	50	\N	1985-02-12
1491	10	50	1956-12-21	1969-07-16
1492	15	50	\N	1970-06-18
1493	16	50	\N	1996-11-14
1494	17	50	\N	1966-07-01
1495	21	50	1956-06-20	\N
1496	22	50	\N	1993-09-01
1497	24	50	1956-12-31	1960-11-14
1498	27	50	\N	1962-08-27
1499	30	50	\N	1985-09-13
1500	31	50	1956-06-20	\N
1501	34	50	\N	1962-10-15
1502	36	50	\N	1961-01-09
1503	38	50	1956-07-16	1999-11-10
1504	42	50	\N	1993-09-20
1505	43	50	1956-06-20	\N
1506	44	50	\N	1986-05-08
1507	45	50	\N	1993-09-30
1508	47	50	1956-12-28	1959-06-22
1509	50	50	1956-06-20	\N
1510	51	50	1956-06-20	1974-06-04
1511	53	50	1956-06-20	\N
1512	56	50	\N	1997-01-08
1513	60	50	\N	1962-09-13
1514	61	50	1956-09-05	1960-06-24
1515	65	50	1956-06-20	1959-07-20
1516	67	50	1956-06-20	1965-11-01
1517	69	50	1956-12-26	1957-04-25
1518	73	50	1956-12-21	1958-02-12
1519	74	50	1956-06-20	1964-10-05
1520	76	50	\N	1957-07-23
1521	82	50	\N	1995-10-26
1522	83	50	1956-06-20	1957-04-04
1523	84	50	1956-08-01	1958-07-28
1524	88	50	\N	2000-03-28
1525	92	50	\N	2004-05-27
1526	97	50	\N	2005-09-16
1527	101	50	\N	1971-11-01
1528	111	50	1956-06-20	1992-07-23
1529	114	50	1956-06-20	1961-06-28
1530	116	50	\N	2006-10-23
1531	117	50	\N	1957-03-18
1532	123	50	1956-06-20	1962-07-31
1533	124	50	\N	1986-02-26
1534	126	50	\N	1965-02-15
1535	129	50	\N	1994-03-10
1536	130	50	\N	1957-10-25
1537	132	50	\N	1959-07-14
1538	139	50	1956-06-20	1968-03-21
1539	140	50	\N	1960-10-13
1540	141	50	\N	1965-01-25
1541	113	50	\N	2006-07-24
1542	143	50	\N	1991-04-10
1543	154	50	\N	2001-03-12
1544	155	50	\N	2004-11-01
1545	158	50	\N	1993-05-28
1546	159	50	\N	1992-07-06
1547	165	50	\N	1966-10-06
1548	166	50	1956-06-20	1958-08-07
1549	168	50	\N	1979-10-12
1550	169	50	1956-12-04	1958-10-01
1551	170	50	\N	1977-10-05
1552	179	50	\N	1968-10-16
1553	180	50	\N	1971-06-02
1554	184	50	\N	2006-09-19
1555	186	50	\N	1975-03-13
1556	188	50	\N	1995-09-18
1557	10	51	1976-09-02	\N
1558	144	51	\N	1981-02-19
1559	2	52	\N	2006-07-20
1560	10	52	1979-04-30	1993-07-29
1561	15	52	\N	1981-02-02
1562	23	52	\N	1988-02-16
1563	24	52	1978-03-31	\N
1564	27	52	\N	1989-08-14
1565	28	52	\N	1998-09-04
1566	32	52	\N	1993-10-21
1567	36	52	1978-03-31	1982-07-09
1568	45	52	1993-06-02	1995-06-23
1569	46	52	1979-04-19	\N
1570	47	52	1979-04-18	\N
1571	50	52	\N	2007-09-28
1572	51	52	1978-03-31	\N
1573	52	52	1978-03-31	1979-04-23
1574	60	52	1979-04-18	\N
1575	61	52	1979-04-18	\N
1576	63	52	\N	1996-02-07
1577	64	52	\N	1996-03-21
1578	65	52	1978-03-31	\N
1579	66	52	1978-03-31	\N
1580	70	52	\N	1991-01-23
1581	74	52	1978-03-31	\N
1582	76	52	1979-04-23	1984-07-05
1583	87	52	\N	2001-05-10
1584	88	52	\N	2008-06-18
1585	89	52	\N	1989-07-31
1586	95	52	\N	1983-04-04
1587	96	52	\N	1989-10-26
1588	97	52	\N	2005-09-16
1589	102	52	1978-03-31	\N
1590	103	52	\N	1991-03-18
1591	111	52	1978-03-31	\N
1592	117	52	\N	1981-06-12
1593	127	52	\N	1988-11-07
1594	130	52	1979-04-18	\N
1595	132	52	1979-03-08	\N
1596	135	52	1978-03-31	\N
1597	137	52	\N	2005-07-19
1598	138	52	\N	2021-03-25
1599	139	52	1978-06-14	\N
1600	141	52	1978-03-31	\N
1601	143	52	\N	1982-01-07
1602	153	52	1978-03-31	1986-03-17
1603	156	52	1978-08-15	1988-10-07
1604	157	52	1978-03-31	\N
1605	158	52	\N	1993-05-28
1606	148	52	\N	2000-09-12
1607	169	52	1979-04-18	\N
1608	171	52	\N	2002-10-16
1609	179	52	\N	1980-09-15
1610	183	52	\N	1979-07-06
1611	173	52	\N	1979-07-24
1612	187	52	1979-04-30	\N
1613	191	52	1978-03-31	\N
1614	194	52	\N	1991-10-07
1615	2	53	\N	2010-08-09
1616	19	53	\N	2010-03-03
1617	24	53	1994-03-28	\N
1618	37	53	1994-08-18	\N
1619	40	53	\N	2014-06-11
1620	47	53	1994-08-09	\N
1621	51	53	\N	2004-03-16
1622	56	53	\N	2003-02-07
1623	60	53	1994-08-29	\N
1624	65	53	1994-07-11	\N
1625	70	53	1993-11-18	\N
1626	75	53	\N	2019-05-17
1627	100	53	\N	2008-02-08
1628	114	53	\N	1995-03-28
1629	117	53	1994-08-23	\N
1630	127	53	\N	2004-03-05
1631	130	53	1994-08-31	\N
1632	137	53	1994-05-24	\N
1633	138	53	\N	2007-03-23
1634	144	53	\N	1999-03-04
1635	154	53	\N	2011-12-23
1636	165	53	\N	2002-06-07
1637	146	53	\N	2010-06-15
1638	148	53	\N	1997-03-11
1639	169	53	1994-06-02	\N
1640	171	53	\N	2003-10-08
1641	179	53	1993-11-24	1995-02-02
1642	184	53	\N	2003-02-27
1643	190	53	\N	1999-08-10
1644	10	54	\N	2004-11-09
1645	17	54	\N	2014-06-17
1646	26	54	2000-06-13	2006-03-07
1647	42	54	2000-06-14	2009-03-04
1648	45	54	2000-05-26	2011-09-21
1649	61	54	2000-10-23	2008-04-03
1650	65	54	2000-05-26	2008-01-31
1651	76	54	\N	2004-05-04
1652	84	54	2000-05-26	\N
1653	101	54	2001-01-29	2007-05-24
1654	123	54	2000-12-20	2003-04-30
1655	140	54	\N	2010-06-25
1656	113	54	2001-03-26	2008-02-19
1657	143	54	\N	2008-12-03
1658	144	54	\N	2002-10-10
1659	154	54	\N	2011-01-06
1660	158	54	2000-05-26	2009-10-20
1661	170	54	\N	2011-02-08
1662	184	54	\N	2010-01-28
1663	8	55	2009-09-29	\N
1664	19	55	\N	2019-11-07
1665	32	55	2009-09-29	2017-10-11
1666	40	55	2009-09-23	2014-01-28
1667	46	55	2010-09-23	\N
1668	47	55	2009-09-23	\N
1669	61	55	2009-09-23	\N
1670	62	55	2009-09-23	\N
1671	66	55	2009-09-23	\N
1672	67	55	2009-09-23	\N
1673	70	55	2009-09-23	\N
1674	71	55	2013-09-24	\N
1675	101	55	2010-08-31	\N
1676	102	55	2009-09-25	\N
1677	106	55	2009-10-26	\N
1678	123	55	2009-09-23	\N
1679	126	55	2009-10-22	\N
1680	127	55	2009-09-23	\N
1681	130	55	2009-09-23	\N
1682	140	55	2009-09-23	\N
1683	153	55	2009-09-23	\N
1684	165	55	2009-09-23	2011-01-19
1685	169	55	2011-07-20	\N
1686	170	55	2009-09-23	\N
1687	176	55	2009-09-23	2012-07-17
1688	187	55	2009-09-23	\N
1689	1	56	\N	2020-10-07
1690	2	56	\N	2006-07-20
1691	8	56	\N	2006-06-09
1692	10	56	1956-05-19	1960-07-18
1693	11	56	\N	2006-09-18
1694	16	56	\N	1993-04-05
1695	17	56	1956-05-19	1962-09-18
1696	22	56	\N	1993-09-01
1697	26	56	\N	1977-10-20
1698	42	56	\N	1992-08-03
1699	44	56	\N	2003-07-02
1700	45	56	\N	1993-06-02
1701	47	56	\N	1965-06-28
1702	56	56	\N	1993-05-03
1703	60	56	\N	1973-06-27
1704	61	56	1956-05-19	1959-05-20
1705	64	56	\N	1999-08-04
1706	65	56	1956-05-19	1961-11-07
1707	67	56	\N	1977-05-24
1708	76	56	\N	1970-04-29
1709	80	56	\N	1998-09-17
1710	82	56	\N	1991-01-31
1711	84	56	\N	1961-04-03
1712	87	56	\N	2008-11-13
1713	88	56	\N	1995-07-17
1714	92	56	\N	1998-04-02
1715	94	56	\N	1994-01-14
1716	95	56	\N	2006-03-22
1717	100	56	\N	1993-03-17
1718	101	56	1956-05-19	1964-04-20
1719	107	56	\N	2007-12-21
1720	115	56	\N	2003-09-18
1721	116	56	\N	2006-10-23
1722	117	56	\N	1995-02-23
1723	123	56	1956-05-19	1960-09-27
1724	129	56	\N	1997-06-20
1725	130	56	\N	1969-07-01
1726	131	56	\N	2020-09-23
1727	132	56	\N	2019-05-30
1728	140	56	1956-05-19	1962-06-13
1729	141	56	\N	1969-09-22
1730	113	56	\N	1993-05-26
1731	143	56	\N	1973-01-23
1732	144	56	\N	1983-09-02
1733	154	56	\N	2001-03-12
1734	158	56	\N	1993-05-28
1735	159	56	\N	1992-07-06
1736	165	56	\N	1974-02-12
1737	169	56	1956-05-19	1969-04-02
1738	170	56	1956-05-19	1970-02-27
1739	171	56	\N	2008-09-10
1740	172	56	\N	1996-09-11
1741	179	56	\N	1994-01-24
1742	180	56	\N	1995-08-02
1743	181	56	\N	1996-09-18
1744	184	56	\N	2007-02-16
1745	186	56	\N	1967-07-21
1746	189	56	\N	1995-09-28
1747	2	57	\N	2007-01-12
1748	8	57	\N	2006-06-09
1749	10	57	\N	1981-02-19
1750	16	57	\N	2008-07-29
1751	17	57	\N	1983-06-06
1752	22	57	\N	2020-08-07
1753	42	57	\N	2017-01-31
1754	44	57	\N	2003-07-02
1755	45	57	\N	2006-06-29
1756	47	57	1979-08-23	1980-05-20
1757	56	57	\N	1993-12-17
1758	60	57	1979-08-17	1980-05-15
1759	61	57	\N	1982-04-14
1760	64	57	\N	1999-08-04
1761	65	57	1978-11-01	1980-09-29
1762	67	57	\N	1985-05-16
1763	76	57	\N	1990-06-18
1764	80	57	\N	1998-09-17
1765	82	57	\N	1991-01-31
1766	84	57	\N	1982-09-17
1767	87	57	\N	2008-11-13
1768	92	57	\N	1998-04-02
1769	94	57	\N	1994-01-14
1770	95	57	\N	2006-03-22
1771	100	57	\N	1993-03-17
1772	101	57	1979-03-30	1980-08-01
1773	107	57	\N	2007-12-21
1774	123	57	\N	1986-01-28
1775	129	57	\N	1997-06-20
1776	130	57	\N	1984-08-31
1777	132	57	\N	2019-05-30
1778	140	57	\N	2010-11-23
1779	141	57	\N	1989-08-22
1780	113	57	\N	2007-05-31
1781	143	57	1979-08-28	1981-05-04
1782	144	57	\N	2016-02-03
1783	154	57	\N	2020-06-19
1784	158	57	\N	2008-02-20
1785	159	57	\N	2013-11-21
1786	165	57	\N	1982-10-11
1787	169	57	\N	1985-04-30
1788	170	57	\N	1983-10-10
1789	179	57	\N	1994-01-24
1790	180	57	\N	1995-08-02
1791	181	57	\N	1996-09-18
1792	184	57	\N	2020-06-15
1793	186	57	1978-09-25	1979-10-05
1794	189	57	\N	1996-11-27
1795	16	58	\N	2019-02-07
1796	17	58	2008-05-27	\N
1797	26	58	\N	2010-09-15
1798	45	58	\N	2011-04-14
1799	47	58	\N	2013-06-28
1800	56	58	\N	2016-11-02
1801	60	58	2008-05-27	2019-01-11
1802	61	58	\N	2016-10-05
1803	80	58	\N	2017-11-08
1804	94	58	2008-05-27	2010-02-03
1805	100	58	2008-05-27	2011-03-07
1806	101	58	\N	2017-12-26
1807	123	58	2008-05-28	2009-01-07
1808	130	58	2008-05-27	2020-06-11
1809	131	58	\N	2020-09-23
1810	140	58	\N	2019-06-13
1811	141	58	\N	2019-09-26
1812	113	58	\N	2018-03-14
1813	143	58	\N	2019-03-14
1814	144	58	\N	2018-03-06
1815	158	58	\N	2014-02-21
1816	159	58	\N	2017-08-15
1817	165	58	\N	2011-05-11
1818	169	58	2008-05-27	2020-03-09
1819	170	58	2008-05-27	2009-01-26
1820	172	58	\N	2019-07-09
1821	180	58	\N	2018-01-31
1822	184	58	\N	2020-07-10
1823	186	58	\N	2019-12-20
1824	189	58	\N	2020-10-16
1825	2	59	\N	2005-01-26
1826	4	59	\N	2009-03-09
1827	10	59	1957-12-13	1973-09-20
1828	11	59	\N	2000-09-28
1829	16	59	\N	1993-04-05
1830	17	59	1957-10-18	1960-08-25
1831	22	59	\N	1993-09-01
1832	26	59	\N	1995-05-12
1833	42	59	\N	1992-11-23
1834	44	59	\N	2004-04-19
1835	45	59	\N	1993-06-02
1836	47	59	\N	1981-07-01
1837	56	59	\N	1996-06-25
1838	60	59	\N	1979-02-28
1839	61	59	1957-12-13	1960-02-02
1840	64	59	\N	2016-09-19
1841	65	59	1957-12-13	1969-12-01
1842	67	59	\N	1988-05-27
1843	76	59	\N	1979-07-19
1844	77	59	\N	2011-02-24
1845	82	59	\N	2006-10-12
1846	84	59	1957-12-13	1963-06-03
1847	88	59	\N	2001-07-26
1848	94	59	\N	1996-04-11
1849	99	59	\N	1994-12-12
1850	100	59	\N	1995-12-07
1851	101	59	1957-12-13	1970-07-21
1852	107	59	\N	2007-05-08
1853	116	59	\N	2006-10-23
1854	117	59	\N	2001-05-11
1855	123	59	1957-12-13	1963-11-01
1856	127	59	\N	2018-10-18
1857	129	59	\N	1997-04-18
1858	130	59	\N	1976-02-05
1859	140	59	\N	1975-05-06
1860	141	59	\N	1967-12-29
1861	113	59	\N	1998-07-14
1862	143	59	\N	1994-06-08
1863	144	59	\N	1994-04-28
1864	150	59	\N	2018-01-15
1865	154	59	\N	2001-03-12
1866	158	59	\N	1993-05-28
1867	159	59	\N	1992-07-06
1868	165	59	\N	1972-11-22
1869	169	59	\N	1974-03-01
1870	170	59	1957-11-06	1972-06-20
1871	172	59	\N	2011-12-28
1872	179	59	\N	2008-09-03
1873	180	59	\N	2010-02-22
1874	184	59	\N	2000-05-01
1875	186	59	1957-10-01	1968-06-29
1876	189	59	\N	2020-01-24
1877	2	60	\N	2005-01-26
1878	4	60	\N	2009-03-09
1879	10	60	\N	1976-08-10
1880	11	60	\N	2000-09-28
1881	16	60	\N	1993-04-05
1882	17	60	\N	1977-06-08
1883	22	60	\N	1993-09-01
1884	26	60	\N	1995-05-12
1885	42	60	\N	1992-11-23
1886	44	60	\N	2004-04-19
1887	45	60	\N	1993-06-02
1888	47	60	\N	1985-03-19
1889	56	60	\N	1996-06-25
1890	60	60	\N	1979-08-31
1891	61	60	\N	1977-12-20
1892	64	60	\N	2016-09-19
1893	65	60	\N	1980-03-04
1894	67	60	\N	1988-05-27
1895	76	60	\N	1984-01-26
1896	77	60	\N	2011-02-24
1897	82	60	\N	2006-10-12
1898	84	60	\N	1981-12-23
1899	88	60	\N	2001-07-26
1900	94	60	\N	1996-04-11
1901	99	60	\N	1994-12-12
1902	100	60	\N	1995-12-07
1903	101	60	\N	1977-02-23
1904	107	60	\N	2007-05-08
1905	116	60	\N	2006-10-23
1906	117	60	\N	2001-05-11
1907	123	60	\N	1977-09-08
1908	127	60	\N	2018-10-18
1909	129	60	\N	1997-04-18
1910	130	60	\N	1977-02-08
1911	140	60	\N	1977-06-14
1912	141	60	\N	1979-04-20
1913	113	60	\N	1998-07-14
1914	143	60	\N	1994-06-08
1915	144	60	\N	1994-04-28
1916	150	60	\N	2018-01-15
1917	154	60	\N	2001-03-12
1918	158	60	\N	1993-05-28
1919	159	60	\N	1992-07-06
1920	165	60	\N	1975-12-05
1921	169	60	\N	1976-02-23
1922	170	60	\N	1976-02-19
1923	172	60	\N	2011-12-28
1924	179	60	\N	2008-09-03
1925	180	60	\N	2010-02-22
1926	184	60	\N	2000-05-01
1927	186	60	\N	1976-02-13
1928	2	61	\N	2006-03-09
1929	4	61	\N	2009-03-09
1930	10	61	\N	1995-08-08
1931	17	61	1994-01-25	2002-09-05
1932	26	61	\N	1995-05-12
1933	44	61	\N	2005-08-31
1934	45	61	\N	1994-11-04
1935	47	61	1993-10-28	1995-11-16
1936	56	61	\N	1996-06-25
1937	60	61	\N	1994-01-26
1938	61	61	\N	1993-10-28
1939	65	61	1994-01-19	2008-10-14
1940	67	61	1993-10-28	2007-11-21
1941	76	61	\N	1994-01-26
1942	82	61	\N	2006-10-12
1943	84	61	1993-12-17	1997-04-11
1944	94	61	\N	1997-01-06
1945	99	61	\N	1994-12-12
1946	100	61	\N	2002-01-28
1947	101	61	1993-10-28	1995-10-03
1948	107	61	\N	2019-11-18
1949	123	61	1993-10-28	1994-11-21
1950	130	61	1993-10-28	1995-12-05
1951	140	61	1994-01-31	1996-12-06
1952	141	61	\N	1994-01-10
1953	113	61	\N	2007-12-05
1954	143	61	\N	1999-04-22
1955	144	61	\N	1995-04-27
1956	154	61	\N	2016-03-16
1957	158	61	\N	1994-01-26
1958	159	61	\N	1997-05-21
1959	165	61	\N	1994-12-21
1960	169	61	\N	1995-09-27
1961	170	61	\N	1996-10-17
1962	179	61	\N	2018-12-11
1963	180	61	\N	2016-02-29
1964	184	61	\N	2017-03-28
1965	186	61	\N	1994-06-17
1966	189	61	\N	2020-01-24
1967	22	62	\N	1994-01-12
1968	42	62	\N	1992-08-03
1969	45	62	\N	1993-06-02
1970	65	62	1974-03-01	\N
1971	94	62	\N	1994-01-14
1972	101	62	1973-07-04	\N
1973	116	62	\N	2006-10-23
1974	113	62	\N	2012-12-19
1975	154	62	\N	2001-03-12
1976	158	62	\N	1993-05-28
1977	184	62	\N	2005-05-17
1978	65	63	1978-11-01	\N
1979	94	63	\N	1994-01-14
1980	65	64	1990-02-01	\N
1981	97	64	\N	2005-09-16
1982	117	64	1990-12-28	\N
1983	28	65	\N	1998-09-04
1984	36	65	1981-07-09	1982-04-07
1985	64	65	\N	1996-03-21
1986	95	65	\N	2001-06-01
1987	97	65	\N	2005-09-16
1988	103	65	\N	1984-02-02
1989	111	65	1980-10-10	1982-02-11
1990	117	65	1980-11-25	1993-01-21
1991	130	65	1981-08-28	\N
1992	145	65	\N	1987-09-15
1993	153	65	1981-07-02	1984-10-25
1994	191	65	1981-08-31	\N
1995	194	65	\N	1991-10-07
1996	36	66	1983-02-17	\N
1997	61	66	1984-10-25	1987-08-07
1998	74	66	1983-02-17	\N
1999	84	66	1984-04-09	1986-06-16
2000	111	66	\N	1987-12-22
2001	117	66	1983-02-17	\N
2002	123	66	\N	1994-02-02
2003	162	66	\N	1986-01-27
2004	170	66	1983-02-17	\N
2005	14	67	2009-10-09	\N
2006	17	68	1965-10-06	1968-12-12
2007	61	68	1965-12-31	\N
2008	63	68	1974-03-05	1974-09-05
2009	65	68	1965-10-11	1973-10-16
2010	67	68	1964-08-03	\N
2011	74	68	1965-03-02	\N
2012	76	68	1965-12-31	\N
2013	83	68	1965-12-28	1971-12-03
2014	84	68	1964-12-23	1972-02-22
2015	101	68	1965-12-07	1979-02-06
2016	123	68	1964-08-12	1972-02-17
2017	150	68	1964-08-24	1968-05-24
2018	186	68	1964-08-21	1967-08-31
2019	17	69	1965-10-06	1968-12-12
2020	61	69	1965-12-31	\N
2021	63	69	\N	1974-03-05
2022	65	69	1965-10-11	1973-10-16
2023	67	69	1964-08-03	\N
2024	74	69	1965-03-02	\N
2025	76	69	1965-12-31	\N
2026	83	69	1965-12-28	1971-12-03
2027	84	69	1964-12-23	1972-02-22
2028	101	69	1965-12-07	1979-02-06
2029	123	69	1964-08-12	1972-02-17
2030	150	69	1964-08-24	1968-05-24
2031	186	69	1964-08-21	1967-08-31
2032	7	70	\N	1976-11-25
2033	17	70	1970-04-23	1973-04-11
2034	32	70	\N	1975-04-16
2035	37	70	1971-12-30	1972-08-16
2036	29	70	1970-04-23	\N
2037	74	70	1970-04-23	\N
2038	84	70	1970-04-23	1979-07-04
2039	95	70	1970-04-23	\N
2040	117	70	1970-04-23	\N
2041	126	70	1970-04-23	\N
2042	139	70	1970-04-23	\N
2043	141	70	1970-04-23	\N
2044	150	70	1970-04-23	2009-04-16
2045	176	70	1971-03-25	1975-11-24
2046	9	71	\N	2014-09-10
2047	17	71	1974-05-17	1983-04-21
2048	22	71	\N	1994-08-15
2049	33	71	\N	1977-01-24
2050	42	71	\N	1994-05-18
2051	44	71	\N	1982-10-19
2052	51	71	1974-07-26	1979-04-03
2053	61	71	1974-11-29	1994-06-01
2054	74	71	1973-11-02	\N
2055	80	71	1973-10-27	\N
2056	84	71	\N	1991-05-16
2057	93	71	1973-10-30	\N
2058	98	71	\N	1977-08-04
2059	126	71	\N	1975-05-19
2060	141	71	\N	1975-11-19
2061	144	71	1974-12-17	\N
2062	156	71	1973-10-27	\N
2063	159	71	\N	1992-08-20
2064	186	71	1974-10-10	\N
2065	187	71	1973-10-27	\N
2066	16	72	\N	1998-08-18
2067	17	72	1990-12-21	\N
2068	45	72	1990-05-16	\N
2069	60	72	1990-11-30	\N
2070	61	72	1989-11-07	1991-09-23
2071	66	72	1988-05-28	\N
2072	70	72	1988-05-28	\N
2073	76	72	\N	1996-05-07
2074	84	72	1990-12-13	1993-11-29
2075	94	72	\N	1997-08-06
2076	117	72	1988-07-04	\N
2077	127	72	1988-05-28	1994-10-25
2078	135	72	1990-12-31	1997-03-26
2079	139	72	\N	1988-05-28
2080	144	72	\N	1998-06-03
2081	158	72	1990-05-16	\N
2082	173	72	1988-05-28	\N
2083	184	72	\N	2006-12-05
2084	187	72	1990-12-28	\N
2085	189	72	\N	2000-07-06
2086	17	73	1990-12-21	2010-03-18
2087	45	73	1990-05-16	\N
2088	60	73	1990-11-30	\N
2089	61	73	1989-11-07	1991-09-23
2090	65	73	1990-12-21	1998-05-20
2091	66	73	1988-05-28	\N
2092	70	73	1988-05-28	\N
2093	76	73	\N	1996-05-07
2094	84	73	1990-12-13	1993-11-29
2095	94	73	\N	1997-08-06
2096	117	73	1988-07-04	\N
2097	127	73	1988-05-28	1994-10-25
2098	139	73	1988-05-28	\N
2099	144	73	\N	2014-08-22
2100	158	73	1990-05-16	\N
2101	173	73	1988-05-28	\N
2102	184	73	\N	2006-12-05
2103	186	73	1990-12-31	\N
2104	187	73	1990-12-28	\N
2105	1	74	\N	2005-09-23
2106	3	74	\N	2015-04-09
2107	5	74	\N	2014-06-19
2108	7	74	\N	2001-08-03
2109	11	74	\N	2003-06-06
2110	19	74	\N	2021-01-11
2111	21	74	1996-06-29	1999-04-13
2112	22	74	\N	2017-05-08
2113	23	74	\N	2017-08-28
2114	24	74	\N	1999-03-23
2115	27	74	1995-06-24	2018-10-02
2116	31	74	1995-06-24	2002-07-11
2117	37	74	\N	1997-05-07
2118	38	74	\N	2012-06-14
2119	29	74	1995-06-24	2020-12-23
2120	42	74	1995-06-24	2000-09-20
2121	44	74	\N	2004-03-02
2122	47	74	\N	2011-01-01
2123	51	74	\N	1997-11-26
2124	53	74	\N	1999-07-16
2125	60	74	1995-12-01	1999-06-14
2126	61	74	1995-06-24	\N
2127	62	74	\N	2004-05-12
2128	64	74	1995-06-27	\N
2129	66	74	\N	2019-09-20
2130	67	74	\N	2007-07-19
2131	70	74	1995-06-24	\N
2132	69	74	\N	2003-09-03
2133	75	74	\N	2013-08-27
2134	76	74	1995-06-24	1998-05-08
2135	80	74	\N	2005-06-22
2136	84	74	1995-06-24	1999-10-11
2137	93	74	\N	2017-05-18
2138	94	74	\N	2019-02-08
2139	100	74	1995-06-24	1997-04-04
2140	119	74	\N	2018-06-20
2141	116	74	\N	2019-07-08
2142	123	74	1996-06-28	\N
2143	124	74	\N	2006-11-16
2144	127	74	\N	2005-12-10
2145	129	74	\N	2013-08-22
2146	130	74	\N	2001-09-28
2147	132	74	1996-06-27	\N
2148	135	74	\N	2009-06-26
2149	137	74	1996-06-13	1997-05-27
2150	138	74	1996-06-28	1998-03-05
2151	141	74	1996-04-23	2002-07-19
2152	143	74	1996-06-27	1998-01-21
2153	144	74	1996-06-29	\N
2154	153	74	1996-06-29	\N
2155	158	74	\N	2003-06-16
2156	159	74	\N	2004-04-08
2157	162	74	\N	2018-01-09
2158	165	74	\N	2002-05-21
2159	171	74	\N	2018-04-27
2160	169	74	\N	2011-06-28
2161	170	74	1996-06-26	\N
2162	176	74	\N	2021-09-03
2163	179	74	\N	2017-03-02
2164	194	74	1995-06-24	\N
2165	1	75	\N	2006-07-25
2166	2	75	\N	2007-10-30
2167	5	75	\N	2006-04-30
2168	7	75	\N	2018-04-10
2169	9	75	\N	2015-05-26
2170	13	75	\N	2012-11-27
2171	14	75	\N	2008-12-15
2172	16	75	\N	2011-06-28
2173	20	75	\N	2014-07-04
2174	24	75	\N	2011-11-30
2175	27	75	\N	2014-12-12
2176	28	75	2001-11-16	\N
2177	32	75	\N	2011-04-19
2178	33	75	2004-03-31	2012-12-21
2179	30	75	\N	2007-09-26
2180	36	75	2001-11-16	\N
2181	37	75	2001-11-16	2009-02-03
2182	38	75	\N	2007-02-19
2183	40	75	2001-11-16	2013-01-25
2184	41	75	\N	2011-08-26
2185	29	75	\N	2015-02-09
2186	43	75	2001-11-16	2009-01-28
2187	46	75	\N	2016-05-06
2188	47	75	\N	2015-10-26
2189	52	75	\N	2014-12-10
2190	57	75	\N	2016-11-17
2191	58	75	2001-11-16	2003-11-21
2192	59	75	\N	2011-09-05
2193	61	75	2001-11-16	\N
2194	62	75	\N	2010-04-16
2195	65	75	\N	2002-09-17
2196	66	75	2001-11-16	2018-12-20
2197	77	75	\N	2020-06-23
2198	78	75	\N	2008-03-31
2199	79	75	\N	2007-03-16
2200	82	75	\N	2005-07-29
2201	84	75	2001-12-06	\N
2202	85	75	2001-11-16	\N
2203	87	75	2001-11-16	2010-08-31
2204	88	75	\N	2009-01-21
2205	89	75	2001-11-16	2006-10-13
2206	91	75	\N	2013-10-31
2207	92	75	\N	2021-05-13
2208	94	75	\N	2011-02-08
2209	96	75	2001-11-16	\N
2210	101	75	\N	2008-06-27
2211	102	75	\N	2013-04-10
2212	103	75	\N	2014-01-16
2213	104	75	\N	2005-11-02
2214	107	75	\N	2010-10-01
2215	111	75	\N	2007-07-31
2216	115	75	\N	2006-10-19
2217	118	75	\N	2012-01-30
2218	119	75	\N	2012-12-03
2219	120	75	\N	2018-07-23
2220	123	75	\N	2010-05-17
2221	124	75	\N	2010-07-20
2222	127	75	2001-11-16	2003-12-16
2223	130	75	\N	2010-12-20
2224	131	75	\N	2005-03-21
2225	132	75	\N	2004-01-22
2226	135	75	2002-09-11	2003-07-28
2227	137	75	\N	2018-12-19
2228	142	75	\N	2020-01-08
2229	113	75	\N	2015-06-26
2230	143	75	\N	2018-03-30
2231	144	75	\N	2011-05-25
2232	145	75	\N	2010-01-28
2233	150	75	\N	2014-09-09
2234	152	75	2003-03-12	2008-06-27
2235	153	75	2002-04-02	2006-01-09
2236	155	75	\N	2010-09-13
2237	156	75	\N	2016-07-26
2238	157	75	\N	2009-01-28
2239	162	75	2001-11-16	2007-01-18
2240	165	75	\N	2013-06-28
2241	167	75	2001-11-16	\N
2242	169	75	\N	2015-12-30
2243	170	75	2001-11-16	\N
2244	171	75	\N	2007-08-07
2245	172	75	\N	2011-05-31
2246	176	75	\N	2010-01-27
2247	177	75	2001-11-16	\N
2248	180	75	2001-11-16	2011-08-23
2249	184	75	2004-03-09	2012-07-31
2250	185	75	\N	2008-04-29
2251	186	75	2001-11-16	2015-07-27
2252	173	75	2001-11-16	2009-01-30
2253	187	75	2003-05-09	2004-10-28
2254	189	75	\N	2018-01-31
2255	192	75	\N	2014-09-17
2256	194	75	\N	2020-09-07
2257	195	75	\N	2008-05-13
2258	1	76	\N	2006-07-25
2259	2	76	\N	2007-10-30
2260	5	76	\N	2006-04-30
2261	7	76	\N	2018-04-10
2262	9	76	\N	2015-05-26
2263	13	76	\N	2012-11-27
2264	14	76	\N	2008-12-15
2265	16	76	\N	2011-09-27
2266	20	76	\N	2014-07-04
2267	24	76	\N	2011-11-30
2268	27	76	\N	2017-09-08
2269	28	76	2001-11-16	\N
2270	32	76	\N	2011-04-19
2271	33	76	2004-03-31	2012-12-21
2272	30	76	\N	2007-09-26
2273	36	76	2001-11-16	\N
2274	37	76	2001-11-16	2009-02-03
2275	38	76	\N	2007-02-19
2276	40	76	2001-11-16	2013-03-13
2277	41	76	\N	2018-08-08
2278	29	76	\N	2016-03-01
2279	43	76	2001-11-16	2009-01-28
2280	46	76	\N	2016-05-06
2281	47	76	\N	2015-10-26
2282	52	76	\N	2014-12-10
2283	57	76	\N	2017-05-26
2284	58	76	2001-11-16	2003-11-21
2285	59	76	\N	2012-05-30
2286	61	76	2001-11-16	\N
2287	62	76	\N	2017-04-04
2288	65	76	\N	2002-09-17
2289	66	76	2001-11-16	2018-12-20
2290	77	76	\N	2020-06-23
2291	78	76	\N	2008-03-31
2292	79	76	\N	2007-03-16
2293	82	76	\N	2005-08-23
2294	84	76	2001-12-06	\N
2295	85	76	2001-11-16	\N
2296	87	76	2001-11-16	2010-08-31
2297	88	76	\N	2011-06-01
2298	89	76	2001-11-16	2006-10-13
2299	91	76	\N	2013-10-31
2300	92	76	\N	2021-05-13
2301	94	76	\N	2011-02-08
2302	96	76	2001-11-16	\N
2303	101	76	\N	2008-06-27
2304	102	76	\N	2013-04-10
2305	103	76	\N	2014-01-16
2306	104	76	\N	2005-11-02
2307	107	76	\N	2010-10-01
2308	111	76	\N	2007-07-31
2309	115	76	\N	2006-10-19
2310	118	76	\N	2013-07-18
2311	119	76	\N	2012-12-03
2312	120	76	\N	2018-07-23
2313	123	76	\N	2010-05-17
2314	124	76	\N	2010-07-20
2315	127	76	2001-11-16	2003-12-16
2316	130	76	\N	2010-12-20
2317	131	76	\N	2005-03-21
2318	132	76	\N	2004-01-22
2319	135	76	2002-09-11	2003-07-28
2320	137	76	\N	2018-12-19
2321	142	76	\N	2020-01-08
2322	113	76	\N	2019-02-19
2323	143	76	\N	2018-03-30
2324	144	76	\N	2011-05-25
2325	145	76	\N	2010-01-28
2326	150	76	\N	2014-09-09
2327	152	76	2003-03-12	2008-06-27
2328	153	76	2002-04-02	2006-01-09
2329	156	76	\N	2016-07-26
2330	157	76	\N	2009-01-28
2331	162	76	2001-11-16	2007-01-18
2332	165	76	\N	2015-11-27
2333	167	76	2001-11-16	\N
2334	169	76	\N	2015-12-30
2335	170	76	2001-11-16	\N
2336	172	76	\N	2011-05-31
2337	176	76	\N	2011-12-01
2338	177	76	2001-11-16	\N
2339	180	76	2001-11-16	2011-08-23
2340	184	76	2004-03-03	2012-07-31
2341	185	76	\N	2008-04-29
2342	186	76	2001-11-16	2015-07-27
2343	173	76	2001-11-16	2009-01-30
2344	187	76	2003-05-09	2004-10-28
2345	189	76	\N	2018-01-31
2346	192	76	\N	2014-09-17
2347	194	76	\N	2020-09-07
2348	61	77	2017-03-03	\N
2349	62	77	2007-02-23	2017-04-04
2350	65	77	2012-11-21	\N
2351	84	77	2007-02-23	\N
2352	101	77	2007-02-23	2012-01-31
2353	118	77	2016-11-15	\N
2354	169	77	2017-06-27	2018-07-02
2355	170	77	2007-02-23	\N
2356	186	77	2016-02-26	\N
2357	27	78	2012-03-09	\N
2358	65	78	2012-11-21	\N
2359	152	78	2012-03-09	\N
2360	195	78	2012-03-09	\N
2361	40	79	2019-11-22	\N
2362	63	79	2019-11-22	\N
2363	127	79	2019-11-22	\N
2364	137	79	2019-11-22	\N
2365	187	79	2020-10-01	\N
2366	1	80	\N	1969-02-20
2367	3	80	\N	1964-06-02
2368	5	80	\N	1998-03-10
2369	7	80	\N	1952-03-21
2370	8	80	\N	1998-11-25
2371	9	80	1929-10-12	1935-08-01
2372	10	80	1929-10-12	1961-09-28
2373	11	80	\N	2000-01-24
2374	12	80	\N	1975-05-23
2375	13	80	\N	1998-03-12
2376	14	80	\N	1979-03-01
2377	15	80	\N	1970-01-29
2378	16	80	\N	1959-09-26
2379	17	80	1929-10-12	1936-07-13
2380	19	80	\N	1962-01-27
2381	21	80	\N	1998-12-29
2382	22	80	\N	1995-03-03
2383	23	80	\N	1977-03-21
2384	24	80	1929-10-12	1931-05-02
2385	25	80	\N	1984-02-28
2386	26	80	\N	1949-06-25
2387	27	80	\N	1961-12-09
2388	31	80	\N	1996-12-12
2389	32	80	\N	1961-09-02
2390	33	80	\N	1947-06-10
2391	30	80	\N	2002-02-07
2392	36	80	\N	1979-03-02
2393	37	80	\N	1958-07-20
2394	38	80	\N	1966-08-15
2395	39	80	\N	1991-06-11
2396	40	80	\N	1962-01-19
2397	41	80	\N	1984-05-10
2398	29	80	\N	1962-02-22
2399	42	80	\N	1993-07-14
2400	43	80	\N	1964-07-21
2401	44	80	\N	1963-05-08
2402	45	80	\N	1994-11-29
2403	128	80	\N	1961-03-01
2404	46	80	\N	1962-12-01
2405	47	80	1929-10-12	1937-07-03
2406	50	80	\N	1972-02-25
2407	51	80	\N	1969-12-01
2408	52	80	\N	1955-09-06
2409	54	80	\N	1988-12-20
2410	56	80	\N	1998-03-16
2411	58	80	\N	1950-08-14
2412	59	80	\N	1972-03-15
2413	60	80	\N	1937-07-03
2414	61	80	1929-10-12	1932-11-15
2415	62	80	\N	1969-02-15
2416	65	80	1929-10-12	1933-09-30
2417	66	80	\N	1997-08-11
2418	67	80	1929-10-12	1938-01-11
2419	69	80	\N	1997-02-03
2420	70	80	\N	1961-09-11
2421	75	80	\N	1994-06-27
2422	76	80	\N	1936-05-29
2423	77	80	\N	1948-08-21
2424	78	80	\N	1970-02-09
2425	79	80	\N	1952-02-21
2426	80	80	\N	1975-07-08
2427	81	80	\N	1972-06-28
2428	82	80	\N	1935-09-20
2429	83	80	\N	1949-10-08
2430	84	80	1929-10-12	1933-02-14
2431	86	80	1929-10-12	1953-05-20
2432	87	80	\N	1969-12-08
2433	89	80	\N	1964-10-07
2434	91	80	\N	1975-08-11
2435	92	80	\N	2000-02-09
2436	93	80	\N	1956-05-09
2437	94	80	1929-10-12	1932-11-15
2438	95	80	\N	1962-04-20
2439	96	80	\N	1975-05-12
2440	97	80	\N	1942-05-02
2441	98	80	\N	1969-05-16
2442	99	80	\N	1934-05-09
2443	101	80	1929-10-12	1949-10-07
2444	102	80	\N	1962-08-27
2445	103	80	\N	1977-10-27
2446	104	80	\N	1970-12-16
2447	105	80	\N	1995-10-13
2448	106	80	\N	1961-01-26
2449	107	80	\N	1986-02-19
2450	109	80	\N	1962-08-06
2451	110	80	\N	1989-10-17
2452	111	80	\N	1933-02-14
2453	115	80	\N	1962-04-30
2454	116	80	\N	2008-04-01
2455	117	80	\N	1958-01-05
2456	119	80	\N	1952-01-02
2457	121	80	\N	1970-11-16
2458	122	80	\N	1966-02-12
2459	123	80	1929-10-12	1933-07-01
2460	124	80	\N	1937-04-06
2461	126	80	\N	1962-03-08
2462	127	80	\N	1963-10-15
2463	129	80	\N	1994-09-01
2464	130	80	1929-10-12	1937-07-03
2465	131	80	\N	1976-08-06
2466	132	80	\N	1969-12-30
2467	135	80	\N	1996-11-12
2468	136	80	\N	1975-12-12
2469	137	80	\N	1969-08-28
2470	138	80	\N	1988-07-05
2471	139	80	\N	1950-11-09
2472	140	80	1929-10-12	1932-11-15
2473	141	80	\N	1947-03-20
2474	142	80	\N	1986-12-22
2475	113	80	\N	1997-03-20
2476	143	80	1929-10-12	1931-07-08
2477	144	80	1929-10-12	1934-08-20
2478	145	80	\N	1964-12-16
2479	148	80	\N	2001-12-03
2480	149	80	\N	1964-01-20
2481	152	80	\N	1969-01-27
2482	153	80	\N	1964-06-19
2483	154	80	\N	2001-07-18
2484	155	80	\N	1980-06-24
2485	156	80	\N	1968-04-02
2486	157	80	\N	1971-09-04
2487	158	80	\N	1995-03-24
2488	159	80	\N	1998-08-07
2489	160	80	\N	1981-09-09
2490	162	80	1929-10-12	1954-12-22
2491	165	80	1929-10-12	1930-03-31
2492	166	80	\N	1951-05-02
2493	167	80	\N	1975-02-11
2494	168	80	\N	2003-06-30
2495	169	80	\N	1937-07-03
2496	170	80	1929-10-12	1934-05-09
2497	171	80	\N	1964-06-03
2498	176	80	\N	1980-07-02
2499	177	80	\N	1977-02-21
2500	178	80	\N	1983-05-10
2501	179	80	\N	1963-11-15
2502	180	80	\N	1978-03-25
2503	181	80	\N	1994-12-21
2504	183	80	\N	1963-07-24
2505	184	80	\N	1959-08-14
2506	185	80	\N	1986-04-04
2507	186	80	1929-10-12	1933-02-14
2508	173	80	\N	1965-04-07
2509	187	80	\N	1934-07-31
2510	188	80	\N	1979-07-04
2511	189	80	\N	1997-02-27
2512	190	80	\N	1981-10-26
2513	191	80	\N	1955-06-15
2514	192	80	\N	1982-10-11
2515	193	80	\N	1982-05-06
2516	194	80	\N	1970-03-25
2517	195	80	\N	1980-10-27
2518	1	81	\N	1969-02-20
2519	3	81	\N	1964-06-02
2520	5	81	\N	1998-03-10
2521	7	81	\N	1969-06-12
2522	9	81	1956-07-12	1959-06-23
2523	10	81	\N	1971-03-26
2524	11	81	\N	2000-01-24
2525	12	81	\N	1975-05-23
2526	13	81	\N	1998-03-12
2527	14	81	\N	1979-03-01
2528	16	81	1960-04-09	1961-01-17
2529	17	81	1955-09-28	1963-08-27
2530	19	81	\N	1962-01-27
2531	22	81	\N	1995-03-03
2532	24	81	1955-09-28	1964-06-16
2533	26	81	\N	1963-12-14
2534	31	81	\N	1996-12-12
2535	32	81	\N	1961-09-02
2536	33	81	1956-08-16	1964-04-18
2537	30	81	\N	2002-02-07
2538	36	81	\N	1979-03-02
2539	37	81	\N	1975-08-20
2540	38	81	\N	1966-08-15
2541	40	81	\N	1962-01-19
2542	41	81	\N	1984-05-10
2543	29	81	\N	1962-02-22
2544	42	81	\N	1993-07-14
2545	43	81	\N	1965-08-30
2546	44	81	\N	1970-07-23
2547	45	81	\N	1994-11-29
2548	128	81	\N	1980-11-04
2549	47	81	1957-03-16	1963-05-03
2550	50	81	\N	1972-02-25
2551	51	81	\N	1969-12-01
2552	52	81	1955-09-28	1956-04-26
2553	53	81	1955-09-28	1956-09-17
2554	56	81	\N	1998-03-16
2555	57	81	\N	1971-07-20
2556	59	81	\N	1972-03-15
2557	60	81	\N	1977-05-25
2558	61	81	1955-09-28	1959-05-19
2559	62	81	\N	1969-02-15
2560	65	81	1955-09-28	1960-10-27
2561	66	81	\N	1997-08-11
2562	67	81	1955-09-28	1965-06-23
2563	68	81	\N	1985-08-15
2564	69	81	\N	1971-07-28
2565	70	81	\N	1990-10-09
2566	76	81	1955-09-28	1957-10-04
2567	77	81	1963-05-03	1963-05-03
2568	78	81	\N	1973-02-14
2569	80	81	\N	1975-07-08
2570	81	81	\N	1972-06-28
2571	82	81	1955-09-28	1959-10-12
2572	83	81	1955-09-28	1964-08-05
2573	84	81	1955-09-28	1963-05-04
2574	86	81	1956-05-02	1967-08-10
2575	87	81	\N	1973-11-15
2576	88	81	\N	2002-08-30
2577	89	81	\N	1999-07-06
2578	91	81	\N	1975-08-11
2579	92	81	\N	2000-02-09
2580	93	81	1955-09-28	1956-05-09
2581	94	81	\N	1998-10-02
2582	95	81	\N	1978-05-10
2583	96	81	\N	1975-10-17
2584	98	81	\N	1969-05-16
2585	99	81	1955-09-28	1966-01-03
2586	100	81	\N	1996-11-21
2587	101	81	1955-09-28	1957-02-13
2588	102	81	\N	1962-08-27
2589	103	81	\N	1971-06-09
2590	104	81	\N	1974-09-20
2591	105	81	\N	1995-10-13
2592	106	81	1962-08-16	1963-12-30
2593	110	81	\N	1989-10-17
2594	111	81	1955-09-28	1957-05-24
2595	114	81	\N	1979-04-09
2596	116	81	\N	2008-04-01
2597	117	81	1963-05-31	1975-11-17
2598	121	81	\N	1970-11-16
2599	122	81	\N	1966-02-12
2600	123	81	1955-09-28	1960-09-21
2601	124	81	1958-03-19	1967-03-16
2602	126	81	\N	1962-03-08
2603	127	81	\N	1969-07-01
2604	129	81	\N	1994-09-01
2605	130	81	\N	1963-05-03
2606	131	81	\N	1987-08-04
2607	132	81	1960-08-08	1961-01-16
2608	135	81	\N	1996-11-12
2609	136	81	\N	1975-12-12
2610	137	81	\N	1969-08-28
2611	138	81	\N	1988-07-05
2612	139	81	1955-09-28	1966-11-30
2613	140	81	1955-09-28	1956-04-23
2614	141	81	1955-09-28	1963-09-16
2615	142	81	\N	1986-12-22
2616	163	81	\N	1967-07-13
2617	113	81	\N	1997-03-20
2618	143	81	1955-09-28	1958-12-03
2619	144	81	1955-09-28	1957-03-25
2620	145	81	\N	1990-12-27
2621	148	81	\N	2001-12-03
2622	149	81	\N	1972-10-16
2623	152	81	\N	1969-01-27
2624	153	81	\N	1964-06-19
2625	154	81	\N	2001-07-18
2626	155	81	\N	1980-06-24
2627	157	81	\N	1967-11-06
2628	158	81	\N	1995-03-24
2629	159	81	\N	1998-08-07
2630	160	81	\N	1981-09-09
2631	162	81	\N	1967-09-18
2632	165	81	1933-02-13	1965-12-06
2633	166	81	\N	1997-02-21
2634	167	81	\N	1975-02-11
2635	168	81	\N	2004-10-19
2636	169	81	1955-09-28	1963-05-03
2637	170	81	1955-09-28	1962-10-19
2638	171	81	\N	1964-06-03
2639	176	81	\N	1980-07-02
2640	177	81	\N	1977-02-21
2641	178	81	\N	1983-05-10
2642	179	81	\N	1963-11-15
2643	180	81	\N	1978-03-25
2644	184	81	1960-01-15	1960-06-23
2645	185	81	\N	1993-10-18
2646	186	81	1956-03-23	1967-03-03
2647	187	81	1956-06-28	2003-09-15
2648	189	81	\N	1997-02-27
2649	190	81	\N	1981-10-26
2650	191	81	1955-09-28	1960-08-26
2651	192	81	\N	1982-10-11
2652	193	81	\N	1982-05-06
2653	194	81	\N	1970-03-25
2654	195	81	\N	1980-10-27
2655	1	82	\N	1948-03-02
2656	3	82	\N	1965-11-29
2657	4	82	\N	2001-02-25
2658	5	82	\N	1977-04-10
2659	6	82	\N	1988-10-17
2660	7	82	\N	1963-11-19
2661	10	82	\N	1983-04-25
2662	12	82	\N	1975-07-25
2663	13	82	\N	1971-11-01
2664	14	82	\N	1996-03-26
2665	16	82	\N	1996-07-24
2666	19	82	\N	2017-10-27
2667	22	82	\N	1995-03-07
2668	23	82	\N	2001-03-28
2669	24	82	\N	1949-10-14
2670	26	82	\N	1969-12-16
2671	27	82	\N	1971-02-01
2672	33	82	\N	1947-08-22
2673	34	82	\N	1962-05-22
2674	35	82	\N	1964-08-28
2675	36	82	\N	1968-03-18
2676	37	82	\N	1948-03-24
2677	40	82	\N	1962-05-26
2678	196	82	\N	2005-08-29
2679	41	82	\N	1960-07-05
2680	29	82	\N	1961-03-20
2681	42	82	\N	1993-10-05
2682	43	82	\N	1963-09-30
2683	44	82	\N	1989-07-05
2684	45	82	\N	1993-04-15
2685	49	82	\N	2019-03-14
2686	50	82	\N	1947-11-10
2687	51	82	\N	1965-01-11
2688	52	82	\N	1949-11-24
2689	53	82	\N	1963-01-22
2690	55	82	\N	1995-06-06
2691	57	82	\N	1974-01-31
2692	59	82	\N	1973-04-04
2693	62	82	\N	2014-02-04
2694	63	82	\N	1978-01-25
2695	66	82	\N	1997-07-15
2696	70	82	\N	1959-06-26
2697	72	82	\N	1988-12-14
2698	76	82	\N	1970-10-30
2699	78	82	\N	1947-12-15
2700	79	82	\N	1961-07-17
2701	80	82	\N	1950-04-27
2702	81	82	\N	1950-12-09
2703	84	82	\N	1952-10-08
2704	85	82	\N	1963-10-18
2705	89	82	\N	1964-05-31
2706	92	82	\N	2010-04-20
2707	95	82	\N	1973-08-20
2708	96	82	\N	1975-09-11
2709	100	82	\N	2004-03-04
2710	101	82	\N	1972-07-11
2711	102	82	\N	1962-12-07
2712	103	82	\N	1964-11-30
2713	104	82	\N	1962-10-01
2714	106	82	\N	1961-01-10
2715	107	82	\N	1965-05-25
2716	109	82	\N	1962-04-02
2717	110	82	\N	1970-09-01
2718	111	82	\N	1949-09-12
2719	116	82	\N	2007-02-12
2720	117	82	\N	1957-06-21
2721	119	82	\N	1951-10-25
2722	123	82	\N	1955-02-24
2723	124	82	\N	1947-09-22
2724	125	82	\N	1962-07-09
2725	126	82	\N	1988-04-08
2726	127	82	\N	2002-05-10
2727	129	82	\N	1997-09-03
2728	130	82	\N	1962-07-18
2729	132	82	\N	1948-07-19
2730	135	82	\N	1963-09-24
2731	136	82	\N	1992-10-05
2732	137	82	\N	2003-12-09
2733	138	82	\N	2010-01-18
2734	139	82	\N	1952-11-17
2735	140	82	\N	1969-02-21
2736	142	82	\N	2008-06-25
2737	163	82	\N	2004-04-16
2738	113	82	\N	1994-12-22
2739	143	82	\N	1966-05-31
2740	145	82	\N	1965-11-15
2741	146	82	\N	2002-06-20
2742	150	82	\N	1995-02-03
2743	151	82	\N	1980-09-18
2744	152	82	\N	1966-02-25
2745	153	82	\N	1961-02-28
2746	154	82	\N	2001-01-13
2747	155	82	\N	1981-01-22
2748	157	82	\N	1967-01-04
2749	159	82	\N	2000-03-08
2750	106	82	\N	1964-09-30
2751	162	82	\N	1998-09-21
2752	164	82	\N	2011-10-11
2753	166	82	\N	1948-12-09
2754	167	82	\N	1960-04-08
2755	168	82	\N	2003-03-27
2756	171	82	\N	1953-01-23
2757	174	82	\N	1957-12-03
2758	175	82	\N	2005-08-04
2759	177	82	\N	2002-02-05
2760	179	82	\N	1961-05-23
2761	180	82	\N	1965-09-28
2762	181	82	\N	1993-04-14
2763	182	82	\N	2017-10-19
2764	183	82	\N	1976-09-16
2765	184	82	\N	2003-01-21
2766	186	82	\N	1948-01-19
2767	173	82	\N	1963-04-10
2768	188	82	\N	1979-03-20
2769	189	82	\N	1994-02-24
2770	190	82	\N	1989-01-31
2771	191	82	\N	1978-02-03
2772	192	82	\N	1999-02-03
2773	194	82	\N	1965-10-12
2774	3	83	1964-04-13	1964-07-12
2775	5	83	1998-02-24	1998-05-25
2776	7	83	1952-10-07	1972-09-26
2777	11	83	2000-03-23	2000-06-21
2778	13	83	1997-03-03	1997-06-01
2779	17	83	1952-10-07	1966-08-11
2780	19	83	2004-03-30	2004-06-28
2781	21	83	1998-07-09	1998-10-07
2782	24	83	1952-10-07	1962-12-19
2783	32	83	1969-07-23	1969-10-21
2784	43	83	1965-09-08	1965-12-07
2785	47	83	1952-10-07	\N
2786	50	83	1952-10-07	\N
2787	51	83	1958-05-12	1958-08-10
2788	52	83	1952-10-07	1954-02-23
2789	53	83	1980-02-13	1980-05-13
2790	61	83	1952-10-07	\N
2791	62	83	1970-01-14	1970-04-14
2792	63	83	2000-06-20	2000-09-18
2793	66	83	2018-06-04	2018-09-02
2794	67	83	1955-04-05	\N
2795	69	83	1983-05-10	1983-08-08
2796	70	83	1990-05-28	1990-08-26
2797	73	83	1961-03-24	1961-06-22
2798	75	83	1960-10-05	1961-01-03
2799	78	83	1955-08-02	\N
2800	81	83	1972-07-19	1972-10-17
2801	83	83	1952-10-07	\N
2802	84	83	1952-10-07	1963-10-10
2803	89	83	1999-07-05	1999-10-03
2804	91	83	1979-11-27	1980-02-25
2805	95	83	2007-02-27	2007-05-28
2806	97	83	1952-10-07	\N
2807	98	83	1954-08-11	\N
2808	101	83	1952-10-07	1957-02-19
2809	102	83	2006-12-28	2007-03-28
2810	105	83	1995-09-05	1995-12-04
2811	106	83	1961-12-28	1962-03-28
2812	109	83	1962-07-23	1962-10-21
2813	111	83	1952-10-07	\N
2814	117	83	1964-03-31	1964-06-29
2815	123	83	1952-10-07	\N
2816	126	83	1962-12-27	1963-03-27
2817	130	83	1954-12-10	\N
2818	131	83	2003-08-06	2003-11-04
2819	132	83	1957-02-25	1957-11-06
2820	136	83	1975-12-15	1975-09-16
2821	137	83	1969-05-26	1969-08-24
2822	139	83	1952-10-07	\N
2823	141	83	1952-10-07	\N
2824	113	83	2000-10-31	2001-01-29
2825	144	83	1982-04-21	1982-07-20
2826	145	83	1971-05-17	1971-08-15
2827	155	83	1980-09-15	1980-12-14
2828	165	83	1952-10-07	1957-03-01
2829	166	83	1959-03-31	1959-06-29
2830	168	83	2003-03-27	2003-06-25
2831	169	83	1954-08-11	\N
2832	170	83	1952-10-07	\N
2833	174	83	1952-10-07	\N
2834	176	83	1980-07-02	1980-09-30
2835	179	83	1963-09-16	1963-12-15
2836	183	83	2017-11-28	2018-02-26
2837	185	83	1990-02-12	1990-05-13
2838	186	83	1953-04-23	\N
2839	188	83	1978-11-08	1979-02-06
2840	190	83	1982-01-15	1982-04-15
2841	193	83	1986-09-26	1986-12-25
2842	9	84	1962-06-19	1962-11-01
2843	10	84	1965-12-21	1966-03-21
2844	11	84	2000-01-20	2000-04-19
2845	12	84	1975-05-15	1973-07-10
2846	13	84	1998-03-12	1998-06-10
2847	16	84	1961-09-18	1983-10-17
2848	17	84	1961-11-28	1969-05-06
2849	22	84	1995-03-21	1992-03-06
2850	24	84	1961-09-18	1967-02-08
2851	27	84	1992-07-02	1992-09-30
2852	30	84	2004-08-16	2004-11-14
2853	33	84	1999-09-01	1999-11-30
2854	35	84	1971-03-09	1971-06-07
2855	38	84	1966-05-02	1966-07-31
2856	42	84	1993-10-07	1991-10-08
2857	43	84	1963-01-29	\N
2858	44	84	1970-08-31	1970-11-29
2859	45	84	1994-12-05	1993-01-01
2860	47	84	1967-01-20	1967-04-20
2861	52	84	1964-05-04	1964-08-02
2862	53	84	1980-01-11	1980-04-10
2863	56	84	1998-04-21	1998-07-20
2864	59	84	1972-01-18	1970-10-10
2865	60	84	1977-05-26	1977-08-23
2866	61	84	1961-09-18	1964-01-24
2867	62	84	1971-02-18	1971-05-19
2868	65	84	1961-09-18	1964-03-02
2869	66	84	1997-07-21	1997-10-19
2870	67	84	1973-09-19	1973-12-17
2871	68	84	1985-08-30	1985-11-28
2872	69	84	1961-09-18	1971-06-24
2873	70	84	1998-11-13	1999-02-11
2874	74	84	1961-09-18	\N
2875	75	84	1961-09-18	\N
2876	76	84	1961-09-18	1964-11-23
2877	77	84	2004-07-12	2004-10-10
2878	79	84	1962-07-06	\N
2879	80	84	1975-07-17	1975-10-15
2880	81	84	1972-07-27	1972-10-25
2881	82	84	1966-01-19	1966-04-19
2882	83	84	1980-11-27	1981-02-25
2883	84	84	1968-05-15	1968-08-13
2884	85	84	1964-10-03	1965-01-01
2885	91	84	1975-08-18	1975-11-16
2886	95	84	1967-02-21	1967-05-22
2887	96	84	1975-10-20	1976-01-18
2888	98	84	1969-05-22	1969-08-20
2889	100	84	1996-12-09	1997-03-09
2890	101	84	1968-08-23	1968-11-21
2891	103	84	1977-10-28	1978-01-25
2892	104	84	2008-01-17	2008-04-16
2893	106	84	1999-02-02	1999-05-03
2894	109	84	1979-03-29	1979-06-27
2895	110	84	1990-10-15	1991-01-13
2896	111	84	1961-09-18	1962-05-16
2897	116	84	2008-07-30	2006-06-03
2898	117	84	1975-11-05	1976-02-03
2899	123	84	1961-09-18	1964-02-25
2900	124	84	1969-05-19	1969-08-17
2901	126	84	1964-07-14	1964-10-12
2902	127	84	1969-07-16	1969-10-14
2903	130	84	1962-02-15	1967-01-20
2904	132	84	1965-07-21	1965-10-19
2905	136	84	1975-12-03	1976-03-02
2906	137	84	1969-10-02	1969-12-31
2907	138	84	1988-07-15	1988-10-12
2908	139	84	1961-09-18	1966-04-05
2909	140	84	1961-10-25	1964-12-16
2910	113	84	1997-05-26	1997-08-24
2911	143	84	1965-04-21	1965-07-20
2912	144	84	1961-09-18	1983-09-22
2913	145	84	1971-06-11	1971-09-09
2914	152	84	1973-05-18	1973-08-16
2915	154	84	2001-07-17	1992-04-27
2916	155	84	1980-06-19	1980-09-17
2917	158	84	1994-07-11	1993-01-01
2918	159	84	1998-08-19	1991-06-25
2919	160	84	1981-09-17	1978-07-07
2920	162	84	1974-01-04	1974-04-04
2921	57	84	1971-07-12	1971-10-10
2922	169	84	1961-09-18	1967-01-20
2923	170	84	1961-09-18	1964-02-01
2924	129	84	1997-10-08	1991-11-17
2925	176	84	1980-06-27	1980-09-25
2926	179	84	1970-05-06	1970-08-04
2927	184	84	1961-09-18	1983-10-17
2928	186	84	1961-09-18	1962-09-04
2929	189	84	1997-02-26	1997-05-27
2930	191	84	1962-06-05	\N
2931	194	84	1971-03-01	1971-05-30
2932	195	84	1982-04-27	1980-04-18
2933	17	85	1971-03-08	\N
2934	24	85	1971-03-08	\N
2935	33	85	1971-03-08	\N
2936	38	85	1971-03-08	1974-06-19
2937	41	85	1971-03-08	1972-12-20
2938	47	85	1971-03-08	\N
2939	51	85	1971-03-08	\N
2940	53	85	1971-03-08	\N
2941	61	85	1971-03-08	\N
2942	65	85	1971-03-08	\N
2943	69	85	1971-03-08	\N
2944	83	85	1971-03-08	\N
2945	84	85	1971-03-08	1985-03-26
2946	85	85	1971-03-08	\N
2947	125	85	1971-03-08	\N
2948	170	85	1971-03-08	\N
2949	178	85	1971-03-08	\N
2950	186	85	1971-03-08	\N
2951	187	85	1971-03-08	\N
2952	191	85	1971-03-08	\N
2953	165	85	1971-05-10	\N
2954	111	85	1971-07-21	\N
2955	169	85	1971-09-09	\N
2956	60	85	1971-11-04	\N
2957	15	85	1971-11-18	\N
2958	130	85	1972-02-11	\N
2959	7	85	1972-08-28	\N
2960	124	85	1972-09-12	\N
2961	101	85	1972-12-04	\N
2962	123	85	1982-06-10	1983-01-07
2963	176	85	1985-07-19	1987-04-24
2964	67	85	1989-01-11	1989-01-11
2965	44	85	1992-11-30	1992-11-30
2966	7	86	1990-03-14	1990-03-14
2967	11	86	2000-01-24	2000-04-23
2968	13	86	1998-03-12	1998-06-10
2969	15	86	1975-09-25	\N
2970	22	86	1995-03-03	1996-02-15
2971	24	86	1975-09-25	1979-07-27
2972	33	86	1995-11-17	1995-11-17
2973	36	86	1984-11-23	1987-05-19
2974	38	86	1982-05-20	1982-05-20
2975	42	86	1993-07-14	1996-02-15
2976	43	86	1998-04-21	1998-07-20
2977	44	86	1992-11-10	1992-11-10
2978	46	86	1975-09-25	\N
2979	47	86	1976-12-01	1983-06-29
2980	52	86	1975-09-25	1978-11-17
2981	56	86	1998-03-16	1998-06-14
2982	58	86	1987-07-14	1987-07-14
2983	60	86	1978-05-02	1980-06-17
2984	61	86	1975-12-30	1982-02-11
2985	66	86	1975-09-25	1997-08-11
2986	67	86	1988-11-10	1988-11-12
2987	69	86	1975-09-25	1997-02-03
2988	70	86	1999-02-12	1999-05-12
2989	75	86	1996-02-15	1996-05-15
2990	80	86	2016-02-16	2016-05-16
2991	81	86	2002-10-18	2003-01-16
2992	82	86	1989-06-27	1989-06-27
2993	83	86	1975-09-25	1979-02-16
2994	84	86	1978-05-15	1985-04-02
2995	87	86	1999-09-02	1999-12-01
2996	89	86	1999-07-06	1999-10-04
2997	91	86	1995-03-21	1996-11-08
2998	95	86	2000-08-04	2000-11-02
2999	111	86	1983-12-21	1984-05-18
3000	116	86	2008-04-01	2006-06-03
3001	117	86	1984-10-18	2012-09-26
3002	123	86	1982-05-19	1983-01-07
3003	124	86	1999-12-03	2000-03-02
3004	126	86	1996-02-15	1996-05-15
3005	129	86	1994-09-01	1996-02-15
3006	130	86	1979-09-03	1983-08-04
3007	138	86	1997-07-04	1997-10-02
3008	141	86	1975-09-25	1982-04-07
3009	153	86	1976-08-18	\N
3010	154	86	2001-07-18	1996-02-15
3011	159	86	1998-08-07	1996-02-15
3012	165	86	1981-09-30	1985-01-08
3013	169	86	1977-12-12	1978-06-28
3014	170	86	1987-12-09	1987-12-09
3015	176	86	1985-08-21	1987-05-05
3016	179	86	1984-11-09	1985-05-28
3017	186	86	1975-09-25	1984-07-05
3018	189	86	1997-02-27	1997-05-28
3019	191	86	1975-09-25	1978-07-14
3020	7	87	1990-03-14	1990-03-14
3021	11	87	2000-01-24	2000-04-23
3022	13	87	1998-03-12	1998-06-10
3023	15	87	1975-09-25	\N
3024	22	87	1995-03-03	1996-02-15
3025	24	87	1975-09-25	1979-07-27
3026	33	87	1995-11-17	1995-11-17
3027	36	87	1984-11-23	1987-05-19
3028	38	87	1982-05-20	1982-05-20
3029	42	87	1993-07-14	1996-02-15
3030	43	87	1998-04-21	1998-07-20
3031	44	87	1992-11-10	1992-11-10
3032	46	87	1975-09-25	\N
3033	47	87	1976-12-01	1983-06-29
3034	52	87	1975-09-25	1978-11-17
3035	56	87	1998-03-16	1998-06-14
3036	58	87	1987-07-14	1987-07-14
3037	60	87	1978-05-02	1980-06-17
3038	61	87	1975-12-30	1982-02-11
3039	66	87	1975-09-25	1997-08-11
3040	67	87	1988-11-10	1988-11-12
3041	69	87	1975-09-25	1997-05-30
3042	70	87	1999-02-12	1999-05-12
3043	75	87	1996-02-15	1996-05-15
3044	80	87	2016-02-16	2016-05-16
3045	81	87	2002-10-18	2003-01-16
3046	82	87	1989-06-27	1989-06-27
3047	83	87	1975-09-25	1979-02-16
3048	84	87	1978-05-15	1985-04-02
3049	87	87	1999-09-02	1999-12-01
3050	89	87	1999-07-06	1999-10-04
3051	91	87	1995-03-21	1996-11-08
3052	95	87	2000-08-04	2000-11-02
3053	111	87	1983-12-21	1984-05-18
3054	116	87	2008-04-01	2006-06-03
3055	117	87	1984-10-18	2012-09-26
3056	123	87	1982-05-19	1983-01-07
3057	124	87	1999-12-03	2000-03-02
3058	126	87	1996-02-15	1996-05-15
3059	129	87	1994-09-01	1996-02-15
3060	130	87	1979-09-03	1983-08-04
3061	131	87	1996-02-15	1996-05-15
3062	138	87	1997-07-04	1997-10-02
3063	141	87	1975-09-25	1982-04-07
3064	142	87	1987-08-28	\N
3065	153	87	1976-08-18	\N
3066	154	87	2001-07-18	1996-02-15
3067	159	87	1998-08-07	1996-02-15
3068	165	87	1981-09-30	1985-01-08
3069	169	87	1977-12-12	1978-06-28
3070	170	87	1987-12-09	1987-12-09
3071	176	87	1985-08-21	1987-05-05
3072	179	87	1984-11-09	1985-05-28
3073	186	87	1975-09-25	1984-07-05
3074	189	87	1997-02-27	1997-05-28
3075	191	87	1975-09-25	1978-07-14
3076	15	88	1975-09-25	\N
3077	17	88	1975-09-25	\N
3078	24	88	1975-09-25	1979-07-27
3079	66	88	1975-09-25	1997-08-11
3080	69	88	1975-09-25	\N
3081	141	88	1975-09-25	1982-04-07
3082	170	88	1975-09-25	1987-12-09
3083	186	88	1975-09-25	1984-07-05
3084	187	88	1975-09-25	\N
3085	191	88	1975-09-25	\N
3086	61	88	1975-12-30	\N
3087	33	88	1975-12-31	\N
3088	47	88	1976-12-01	1988-05-04
3089	130	88	1977-10-27	1988-05-04
3090	169	88	1977-12-12	\N
3091	60	88	1978-05-02	\N
3092	84	88	1978-05-15	1985-04-02
3093	123	88	1982-05-19	1983-01-07
3094	38	88	1982-05-20	1982-05-20
3095	36	88	1984-11-23	\N
3096	176	88	1985-08-21	1987-05-05
3097	76	88	1987-06-29	1987-06-30
3098	58	88	1987-07-14	1987-07-14
3099	165	88	1987-11-19	1989-07-20
3100	83	88	1987-11-27	1988-02-16
3101	67	88	1988-11-10	1988-11-12
3102	82	88	1989-06-27	1989-06-27
3103	7	88	1990-03-14	1990-03-14
3104	9	88	1991-04-24	\N
3105	44	88	1992-11-10	1992-11-10
3106	91	88	1995-03-21	1996-11-08
3107	56	88	1997-11-25	1998-03-16
3108	138	88	2021-04-14	2021-04-14
3109	7	89	1990-03-14	1990-03-14
3110	9	89	1991-04-24	1997-01-13
3111	11	89	2000-01-24	2000-04-23
3112	13	89	1999-01-21	1999-04-21
3113	15	89	1975-09-25	\N
3114	17	89	1975-09-25	2003-03-19
3115	22	89	1995-03-03	1998-06-14
3116	24	89	1975-09-25	1979-07-27
3117	33	89	1975-12-30	1999-08-27
3118	36	89	1984-11-23	2008-10-01
3119	38	89	1982-05-20	1982-05-20
3120	42	89	1993-07-14	1998-06-14
3121	44	89	1992-11-10	1992-11-10
3122	46	89	1975-09-25	\N
3123	47	89	1976-12-01	1988-05-04
3124	51	89	1999-02-12	1999-05-12
3125	52	89	1975-09-25	1978-11-17
3126	56	89	1997-11-25	1998-03-16
3127	58	89	1987-07-14	1987-07-14
3128	60	89	1978-05-02	1988-05-04
3129	61	89	1975-12-30	\N
3130	66	89	1975-09-25	1997-08-11
3131	67	89	1988-11-10	1988-11-12
3132	69	89	1975-09-25	1997-02-03
3133	70	89	1999-02-12	1999-05-12
3134	75	89	1998-06-14	1998-09-12
3135	76	89	1987-06-29	1987-06-30
3136	77	89	2004-06-28	2004-09-26
3137	80	89	2016-02-16	2016-05-16
3138	82	89	1989-06-27	1989-06-27
3139	83	89	1987-11-27	1988-02-16
3140	84	89	1978-05-15	1985-04-02
3141	86	89	2000-06-20	2000-09-18
3142	87	89	1999-07-22	1999-10-20
3143	89	89	1999-07-06	1999-10-04
3144	91	89	1995-03-21	1996-11-08
3145	95	89	2000-08-04	2000-11-02
3146	101	89	2008-09-25	2008-12-24
3147	104	89	2008-01-18	2008-04-17
3148	110	89	1998-06-14	1998-09-12
3149	116	89	2008-04-01	2006-06-03
3150	117	89	1984-10-18	2012-09-26
3151	121	89	1998-06-14	1998-09-12
3152	123	89	1982-05-19	1983-01-07
3153	124	89	1999-12-03	2000-03-02
3154	126	89	1998-06-14	1998-09-12
3155	129	89	1994-09-01	1998-06-14
3156	130	89	1977-10-21	1988-05-04
3157	131	89	1998-06-14	1998-09-12
3158	138	89	2020-12-01	2021-03-01
3159	141	89	1975-09-25	1982-04-07
3160	142	89	1987-08-28	\N
3161	153	89	1976-08-18	\N
3162	154	89	2001-07-18	1998-06-14
3163	155	89	2012-02-28	2012-05-28
3164	157	89	1998-06-14	1998-09-12
3165	159	89	1998-08-07	1998-06-14
3166	165	89	1981-09-30	1985-01-08
3167	169	89	1977-12-12	1988-05-04
3168	170	89	1975-09-25	1987-12-09
3169	176	89	1985-08-21	1987-05-05
3170	180	89	1998-06-14	1998-09-12
3171	185	89	2000-03-20	2000-06-18
3172	186	89	1975-09-25	1984-07-05
3173	187	89	1975-09-25	1998-12-04
3174	189	89	1998-06-14	1998-09-12
3175	191	89	1975-09-25	\N
3176	7	90	1978-12-08	\N
3177	11	90	2002-07-25	2002-10-23
3178	16	90	1978-09-23	\N
3179	19	90	2004-03-30	2004-06-28
3180	24	90	1978-09-23	1981-10-27
3181	27	90	1992-12-08	1992-12-08
3182	43	90	1978-09-23	\N
3183	51	90	1979-01-25	\N
3184	53	90	2007-11-07	2008-02-05
3185	69	90	1996-03-19	1997-11-26
3186	85	90	1978-09-23	\N
3187	89	90	2002-07-25	2002-10-23
3188	95	90	2007-02-27	2007-05-28
3189	102	90	2006-12-28	2007-03-28
3190	117	90	2002-04-26	2002-04-26
3191	126	90	2001-04-20	2001-04-20
3192	144	90	1978-09-23	\N
3193	153	90	1978-09-23	\N
3194	168	90	2003-03-27	2003-06-25
3195	184	90	1978-09-23	\N
3196	191	90	1978-09-23	\N
3197	2	91	2004-10-20	2004-12-19
3198	7	91	2009-12-16	2010-02-14
3199	8	91	2010-04-16	2010-06-15
3200	9	91	2008-11-25	2009-01-24
3201	10	91	2004-04-29	2004-06-28
3202	11	91	2015-02-10	2015-04-11
3203	12	91	1999-05-28	\N
3204	13	91	2001-02-02	2003-11-04
3205	14	91	1999-05-28	\N
3206	15	91	2002-01-02	2003-11-04
3207	17	91	1999-05-28	2004-04-29
3208	18	91	1999-05-28	1999-08-24
3209	19	91	1999-05-28	2004-03-30
3210	21	91	1999-05-28	2015-05-06
3211	22	91	2007-03-09	2007-05-08
3212	23	91	2001-03-28	2003-11-04
3213	24	91	1999-08-03	2006-05-19
3214	25	91	2020-03-18	2020-05-17
3215	26	91	2003-11-10	2004-01-09
3216	27	91	1999-05-28	2013-06-25
3217	30	91	2004-08-23	2004-10-22
3218	31	91	1999-05-28	\N
3219	32	91	2001-09-27	2003-09-05
3220	33	91	2001-10-01	2002-11-19
3221	34	91	2001-09-25	\N
3222	35	91	2017-07-12	2017-09-10
3223	36	91	1999-05-28	2009-03-19
3224	37	91	1999-05-28	2005-06-01
3225	38	91	1999-12-15	2003-03-28
3226	40	91	2011-12-19	2012-02-17
3227	196	91	2007-05-22	2007-07-21
3228	41	91	1999-12-20	2011-06-09
3229	29	91	1999-05-28	2015-02-04
3230	42	91	2008-01-23	2008-03-23
3231	43	91	1999-05-28	2005-10-14
3232	44	91	2002-11-20	2003-11-04
3233	45	91	1999-05-28	2000-11-16
3234	46	91	2014-07-21	2014-09-19
3235	47	91	1999-05-28	2004-04-29
3236	50	91	1999-05-28	2007-09-21
3237	51	91	2006-06-27	2006-08-26
3238	52	91	2005-02-24	2005-04-25
3239	53	91	2007-11-07	2008-01-06
3240	54	91	2015-09-18	2015-11-17
3241	56	91	2002-02-04	2003-04-10
3242	57	91	1999-05-28	2016-11-23
3243	58	91	2014-04-23	2014-06-22
3244	59	91	2015-11-10	2016-01-09
3245	60	91	1999-12-09	2004-04-29
3246	61	91	1999-05-28	2004-04-29
3247	62	91	1999-05-28	2014-02-04
3248	63	91	2004-03-10	2004-05-09
3249	64	91	2010-12-20	2011-02-18
3250	65	91	1999-05-28	2004-04-29
3251	66	91	1999-05-28	2018-06-04
3252	67	91	1999-05-28	2002-07-22
3253	69	91	2016-06-07	2016-08-06
3254	72	91	2014-12-23	2015-02-21
3255	75	91	2015-11-25	2016-01-24
3256	76	91	2004-11-08	2005-01-07
3257	77	91	1999-05-28	2004-06-17
3258	78	91	2009-05-01	2009-06-30
3259	79	91	2017-03-20	2017-05-19
3260	82	91	2000-08-16	2004-04-29
3261	83	91	2011-01-19	2011-03-20
3262	84	91	1999-05-28	2004-04-29
3263	85	91	1999-05-28	2009-07-07
3264	86	91	2000-06-20	2003-11-04
3265	87	91	2000-10-05	2002-04-12
3266	88	91	2015-07-02	2015-08-31
3267	89	91	1999-05-28	2002-01-07
3268	91	91	1999-05-28	2002-06-11
3269	94	91	2004-12-17	2005-02-15
3270	95	91	2005-03-15	2005-05-14
3271	100	91	1999-05-28	2004-11-30
3272	101	91	2000-02-29	2004-04-29
3273	102	91	1999-05-28	2006-12-28
3274	104	91	2007-12-31	2008-02-29
3275	105	91	2005-10-31	2005-12-30
3276	106	91	2008-01-16	2008-03-16
3277	107	91	1999-05-28	2004-05-05
3278	110	91	1999-05-28	2017-02-02
3279	111	91	1999-05-28	2000-11-20
3280	114	91	1999-05-28	2004-08-18
3281	115	91	2004-10-05	2004-12-04
3282	116	91	2010-01-15	2010-03-16
3283	117	91	2010-04-15	2010-06-14
3284	118	91	1999-05-28	2014-01-27
3285	120	91	1999-05-28	2001-09-27
3286	122	91	2018-10-16	2018-12-15
3287	123	91	1999-12-30	2004-04-29
3288	124	91	2001-07-13	2002-11-18
3289	126	91	1999-05-28	2018-01-31
3290	127	91	1999-05-28	2002-05-10
3291	129	91	2000-05-15	2003-11-04
3292	130	91	2004-04-29	2004-06-28
3293	131	91	2007-05-28	2007-07-27
3294	132	91	1999-05-28	2006-12-19
3295	135	91	1999-05-28	2002-09-13
3296	137	91	2000-03-17	2001-03-29
3297	138	91	1999-09-07	2002-04-11
3298	139	91	2015-10-19	2015-12-18
3299	140	91	1999-05-28	2006-01-17
3300	141	91	1999-05-28	2003-02-28
3301	142	91	2004-11-15	2005-01-14
3302	163	91	2007-10-30	2007-12-29
3303	113	91	2009-03-17	2009-05-16
3304	143	91	1999-11-18	2001-03-20
3305	144	91	2017-06-22	2017-08-21
3306	145	91	2015-10-20	2015-12-19
3307	148	91	2004-03-29	2004-05-28
3308	152	91	1999-05-28	2003-10-15
3309	153	91	1999-05-28	2016-09-07
3310	154	91	2010-02-03	2010-04-04
3311	155	91	2010-09-13	2010-11-12
3312	156	91	2015-11-25	2016-01-24
3313	157	91	2007-09-17	2007-11-16
3314	158	91	1999-05-28	2000-10-11
3315	159	91	1999-05-28	2002-03-27
3316	162	91	1999-05-28	2006-11-22
3317	165	91	2000-01-14	2004-04-29
3318	166	91	2018-11-19	2019-01-18
3319	167	91	1999-05-28	2017-08-18
3320	169	91	1999-08-27	2004-04-29
3321	170	91	1999-05-28	2005-07-07
3322	171	91	2002-07-18	2003-11-04
3323	174	91	2017-08-03	2017-10-02
3324	176	91	1999-05-28	2016-09-27
3325	177	91	2003-11-20	2004-01-19
3326	179	91	2018-09-21	2018-11-20
3327	180	91	1999-05-28	2011-01-25
3328	183	91	2017-11-28	2018-01-27
3329	184	91	2009-03-06	2009-05-05
3330	185	91	2000-07-07	2003-11-04
3331	186	91	1999-05-28	2004-04-29
3332	173	91	2003-02-11	2003-11-04
3333	187	91	1999-05-28	2003-09-05
3334	188	91	1999-06-09	2008-02-04
3335	190	91	2005-11-09	2006-01-08
3336	192	91	2018-09-27	2018-11-26
3337	194	91	1999-05-28	\N
3338	19	92	2013-01-21	\N
3339	27	92	2013-03-20	\N
3340	32	92	2011-10-25	\N
3341	40	92	2009-05-02	2014-10-01
3342	29	92	2009-05-02	2016-02-19
3343	51	92	2013-08-19	\N
3344	66	92	2009-05-02	2018-06-04
3345	91	92	2014-07-04	\N
3346	116	92	2012-07-18	\N
3347	118	92	2016-08-17	\N
3348	135	92	2009-06-15	\N
3349	154	92	2009-05-02	\N
3350	156	92	2015-11-25	\N
3351	162	92	2010-09-30	\N
3352	57	92	2017-03-27	\N
3353	183	92	2009-05-02	\N
3354	194	92	2009-05-02	\N
3355	13	93	2017-10-26	\N
3356	19	93	2013-01-21	2017-10-27
3357	27	93	2013-03-20	\N
3358	32	93	2011-10-25	\N
3359	36	93	2009-09-29	\N
3360	40	93	2009-05-02	2014-10-01
3361	29	93	2009-05-02	2015-02-04
3362	46	93	2014-07-21	\N
3363	51	93	2014-10-30	\N
3364	62	93	2014-02-04	\N
3365	66	93	2009-05-02	2018-06-04
3366	91	93	2014-04-08	\N
3367	116	93	2012-03-07	\N
3368	118	93	2016-08-17	\N
3369	127	93	2009-10-08	\N
3370	135	93	2009-06-15	\N
3371	154	93	2009-05-02	\N
3372	162	93	2010-09-30	\N
3373	57	93	2016-11-23	\N
3374	183	93	2009-05-02	\N
3375	194	93	2009-05-02	\N
3376	1	94	\N	2018-03-02
3377	2	94	\N	1993-12-02
3378	3	94	\N	1998-01-19
3379	4	94	\N	2004-03-02
3380	6	94	\N	1999-12-17
3381	7	94	\N	1967-05-05
3382	8	94	\N	2000-07-19
3383	9	94	\N	1928-04-14
3384	9	94	\N	1928-04-14
3385	10	94	\N	1920-09-11
3386	11	94	\N	1999-03-04
3387	12	94	\N	1976-07-05
3388	13	94	\N	1996-11-29
3389	14	94	\N	1999-02-04
3390	15	94	\N	1983-03-16
3391	16	94	\N	1997-09-12
3392	17	94	1886-09-09	1887-09-05
3393	18	94	\N	2000-03-17
3394	19	94	\N	1961-01-03
3395	20	94	\N	2004-08-25
3396	21	94	\N	1993-08-04
3397	22	94	\N	1993-06-02
3398	23	94	\N	1998-01-15
3399	24	94	\N	1922-02-06
3400	25	94	\N	2006-05-30
3401	26	94	\N	1921-12-05
3402	27	94	\N	1963-04-26
3403	28	94	\N	2016-01-12
3404	30	94	\N	1997-04-07
3405	32	94	\N	1964-09-21
3406	33	94	\N	1928-04-10
3407	34	94	\N	1977-05-31
3408	35	94	\N	1971-08-04
3409	36	94	\N	1970-04-09
3410	37	94	\N	1992-07-10
3411	38	94	\N	1987-12-04
3412	39	94	\N	2005-01-17
3413	40	94	\N	1962-05-08
3414	196	94	\N	2017-05-03
3415	41	94	\N	1978-03-03
3416	29	94	\N	1961-07-08
3417	42	94	\N	1992-07-28
3418	43	94	\N	1996-11-20
3419	44	94	\N	1964-02-24
3420	45	94	\N	1992-12-18
3421	128	94	\N	2003-01-28
3422	46	94	\N	1963-10-08
3423	47	94	\N	1903-06-13
3424	48	94	\N	2002-02-13
3425	49	94	\N	1999-05-07
3426	50	94	\N	1997-09-24
3427	51	94	\N	1991-07-08
3428	52	94	\N	1977-03-02
3429	53	94	\N	1993-11-18
3430	54	94	\N	1997-03-26
3431	56	94	\N	1994-07-26
3432	57	94	\N	1998-09-14
3433	59	94	\N	1971-12-01
3434	60	94	\N	1928-03-23
3435	61	94	1886-09-09	1887-09-05
3436	62	94	\N	1961-12-19
3437	63	94	\N	1992-12-07
3438	64	94	\N	1995-02-16
3439	65	94	1886-09-09	1887-09-05
3440	66	94	\N	1991-07-11
3441	67	94	\N	1920-11-09
3442	68	94	\N	1998-06-22
3443	69	94	\N	1997-04-28
3444	70	94	\N	1980-08-13
3445	71	94	\N	1991-04-18
3446	72	94	\N	1994-07-25
3447	73	94	\N	1995-10-11
3448	74	94	\N	1935-07-19
3449	75	94	\N	1989-10-24
3450	76	94	\N	1922-02-14
3451	77	94	\N	1947-06-30
3452	78	94	\N	1928-04-23
3453	79	94	\N	1997-06-05
3454	82	94	\N	1927-10-05
3455	83	94	\N	1949-12-14
3456	84	94	1886-09-09	1887-09-05
3457	85	94	\N	1993-09-28
3458	86	94	\N	1899-04-18
3459	87	94	\N	1999-04-28
3460	88	94	\N	1999-01-12
3461	89	94	\N	1993-03-11
3462	90	94	\N	2017-10-02
3463	91	94	\N	2014-09-02
3464	92	94	\N	1999-04-08
3465	93	94	\N	2011-12-14
3466	94	94	\N	1995-05-11
3467	95	94	\N	1946-02-19
3468	96	94	\N	1989-06-27
3469	97	94	\N	1988-12-08
3470	98	94	\N	1976-06-28
3471	99	94	\N	1931-07-20
3472	100	94	\N	1994-09-14
3473	101	94	\N	1888-06-20
3474	102	94	\N	1966-02-11
3475	103	94	\N	1991-07-12
3476	104	94	\N	1990-06-28
3477	106	94	\N	1962-03-19
3478	107	94	\N	1968-05-29
3479	109	94	\N	1972-10-16
3480	110	94	\N	1989-02-09
3481	111	94	\N	1967-05-09
3482	112	94	\N	2003-07-07
3483	114	94	\N	1889-05-30
3484	115	94	\N	1997-12-12
3485	116	94	\N	2006-12-04
3486	117	94	\N	1917-06-16
3487	118	94	\N	2013-08-22
3488	120	94	\N	1993-09-21
3489	121	94	\N	2020-02-11
3490	122	94	\N	2005-10-11
3491	123	94	\N	1912-10-09
3492	124	94	\N	1928-04-26
3493	125	94	\N	2000-05-23
3494	126	94	\N	1962-05-02
3495	127	94	\N	1993-06-10
3496	197	94	\N	2016-06-24
3497	129	94	\N	1993-07-23
3498	130	94	\N	1896-04-13
3499	131	94	\N	1999-04-14
3500	132	94	\N	1948-06-04
3501	135	94	\N	1996-03-08
3502	137	94	\N	1991-09-09
3503	138	94	\N	1988-05-20
3504	139	94	\N	1950-06-29
3505	140	94	\N	1920-01-28
3506	141	94	\N	1911-03-29
3507	142	94	\N	2000-04-05
3508	163	94	\N	1996-05-21
3509	113	94	\N	1995-08-01
3510	143	94	\N	1926-08-28
3511	144	94	\N	1994-12-09
3512	145	94	\N	1983-11-03
3513	146	94	\N	1995-01-03
3514	147	94	\N	1993-05-21
3515	148	94	\N	1995-05-29
3516	149	94	\N	2006-04-21
3517	150	94	\N	2020-06-02
3518	151	94	\N	2016-03-14
3519	152	94	\N	2003-12-11
3520	153	94	\N	1962-06-30
3521	154	94	\N	2006-09-19
3522	157	94	\N	1998-09-21
3523	158	94	\N	1992-12-30
3524	159	94	\N	1992-06-12
3525	160	94	\N	2019-04-04
3526	162	94	\N	1928-10-03
3527	165	94	1886-09-09	1887-09-05
3528	166	94	\N	1959-07-20
3529	167	94	\N	2000-09-28
3530	168	94	\N	1976-11-16
3531	169	94	\N	1904-07-08
3532	170	94	1886-09-09	1887-09-05
3533	171	94	\N	2004-03-11
3534	172	94	\N	1999-12-09
3535	174	94	\N	1931-06-17
3536	176	94	\N	1975-01-28
3537	177	94	\N	2001-03-14
3538	178	94	\N	1988-05-16
3539	179	94	1886-09-09	1887-09-05
3540	180	94	\N	1951-10-27
3541	181	94	\N	2016-02-29
3542	182	94	\N	2017-03-02
3543	184	94	\N	1995-07-25
3544	185	94	\N	2004-04-14
3545	186	94	1886-09-09	1887-09-05
3546	173	94	\N	1994-04-25
3547	187	94	\N	1988-11-16
3548	188	94	\N	1967-06-07
3549	189	94	\N	2005-01-19
3550	190	94	\N	2012-09-27
3551	191	94	\N	1982-09-20
3552	192	94	\N	2004-07-26
3553	193	94	\N	2008-04-14
3554	194	94	\N	1991-09-13
3555	195	94	\N	1981-09-18
3556	17	95	1896-05-04	1897-09-09
3557	47	95	\N	1903-06-13
3558	61	95	1896-05-04	1897-09-09
3559	65	95	1896-05-04	1897-09-09
3560	73	95	\N	1898-01-17
3561	84	95	1896-05-04	1897-09-09
3562	86	95	\N	1899-04-18
3563	97	95	\N	1908-10-16
3564	101	95	1896-05-04	1897-09-09
3565	114	95	1896-05-04	1897-09-09
3566	116	95	1896-05-04	1897-09-09
3567	130	95	\N	1897-09-09
3568	165	95	1896-05-04	1897-09-09
3569	169	95	\N	1904-07-08
3570	170	95	1896-05-04	1897-09-09
3571	179	95	1896-05-04	1897-09-09
3572	186	95	1896-05-04	1897-09-09
3573	9	96	\N	1928-04-14
3574	10	96	\N	1920-09-11
3575	17	96	1908-11-13	1910-06-09
3576	24	96	\N	1922-02-06
3577	26	96	\N	1921-12-05
3578	33	96	\N	1928-04-10
3579	47	96	1908-11-13	1912-06-28
3580	56	96	\N	1927-06-09
3581	60	96	\N	1928-03-23
3582	61	96	1908-11-13	1910-06-30
3583	65	96	1908-11-13	1910-06-09
3584	67	96	\N	1920-11-09
3585	73	96	\N	1910-06-09
3586	76	96	\N	1922-02-14
3587	78	96	\N	1928-04-23
3588	82	96	\N	1927-10-05
3589	84	96	1908-11-13	1914-09-23
3590	86	96	1908-11-13	1910-06-09
3591	97	96	1908-11-13	1910-06-09
3592	99	96	\N	1931-07-20
3593	101	96	1908-11-13	1910-06-09
3594	114	96	1908-11-13	1910-06-09
3595	117	96	\N	1917-06-16
3596	120	96	\N	1993-09-21
3597	123	96	\N	1912-10-09
3598	124	96	\N	1928-04-26
3599	130	96	1908-11-13	1910-09-04
3600	140	96	\N	1920-01-28
3601	141	96	\N	1911-03-29
3602	143	96	\N	1926-08-28
3603	162	96	\N	1928-10-03
3604	165	96	1908-11-13	1910-09-07
3605	169	96	1908-11-13	1919-09-22
3606	170	96	1908-11-13	1910-06-09
3607	174	96	\N	1931-06-17
3608	179	96	1908-11-13	1910-06-30
3609	180	96	\N	1931-06-20
3610	186	96	1908-11-13	1912-06-04
3611	10	97	\N	1920-09-11
3612	17	97	1914-03-20	1921-11-04
3613	24	97	\N	1922-02-06
3614	26	97	\N	1921-12-05
3615	47	97	1914-03-20	1915-03-13
3616	56	97	\N	1927-06-09
3617	60	97	\N	1928-03-23
3618	61	97	1914-03-20	1915-11-28
3619	65	97	1914-03-20	1919-10-05
3620	67	97	\N	1924-03-10
3621	73	97	1914-03-20	\N
3622	76	97	\N	1922-02-14
3623	82	97	\N	1927-10-05
3624	84	97	1914-03-20	1930-02-20
3625	86	97	1914-03-20	1915-02-05
3626	97	97	1914-03-20	1920-05-31
3627	101	97	1914-03-20	1915-03-03
3628	114	97	1914-03-20	1914-11-05
3629	123	97	1914-03-20	1915-04-01
3630	130	97	1914-03-20	1920-02-28
3631	140	97	\N	1920-01-28
3632	141	97	1914-03-20	\N
3633	143	97	\N	1926-08-28
3634	165	97	1914-03-20	1915-04-20
3635	169	97	1914-03-20	1919-09-22
3636	170	97	1914-03-20	1915-01-26
3637	174	97	\N	1931-06-17
3638	179	97	1914-03-20	1920-03-31
3639	180	97	\N	1931-06-20
3640	186	97	1914-03-20	1914-07-07
3641	9	98	\N	1934-12-06
3642	10	98	1928-06-02	1936-06-19
3643	17	98	1928-06-02	1934-08-23
3644	24	98	1928-06-02	1933-04-03
3645	26	98	\N	1931-05-28
3646	33	98	\N	1931-06-27
3647	44	98	\N	1964-02-24
3648	47	98	1928-06-02	1933-07-24
3649	60	98	1928-06-02	1931-07-01
3650	61	98	1928-06-02	1933-11-03
3651	65	98	1928-06-02	1933-09-13
3652	67	98	1928-06-02	1932-01-02
3653	74	98	\N	1935-07-19
3654	76	98	\N	1931-06-25
3655	77	98	\N	1947-06-30
3656	78	98	\N	1931-06-30
3657	79	98	\N	1956-02-23
3658	82	98	\N	1935-04-16
3659	83	98	\N	1949-12-14
3660	84	98	1928-06-02	1931-06-27
3661	86	98	1928-06-02	1931-06-05
3662	94	98	\N	1936-11-03
3663	95	98	1928-06-02	1946-02-19
3664	99	98	\N	1931-07-20
3665	101	98	\N	1931-12-16
3666	107	98	\N	1968-05-29
3667	114	98	1928-06-02	1933-04-21
3668	117	98	1928-06-02	1934-10-05
3669	123	98	\N	1931-06-27
3670	124	98	\N	1947-10-20
3671	130	98	1928-06-02	1931-06-30
3672	132	98	\N	1948-06-04
3673	140	98	1928-06-02	1935-10-21
3674	141	98	1928-06-02	1937-06-21
3675	143	98	1928-06-02	1936-06-30
3676	162	98	\N	1935-03-19
3677	165	98	1928-06-02	1933-03-15
3678	166	98	\N	1959-07-20
3679	169	98	1928-06-02	1931-06-27
3680	170	98	1928-06-02	1931-04-24
3681	171	98	1928-06-02	1933-11-13
3682	179	98	1928-06-02	1933-11-03
3683	186	98	1928-06-02	1931-06-27
3684	195	98	\N	1981-09-18
3685	7	99	\N	1967-05-05
3686	9	99	1948-06-26	1969-04-01
3687	10	99	1948-06-26	1953-08-26
3688	12	99	\N	1976-07-05
3689	17	99	1948-06-26	1951-06-15
3690	19	99	\N	1961-01-03
3691	24	99	1948-06-26	1952-04-05
3692	27	99	\N	1963-04-26
3693	32	99	\N	1964-09-21
3694	33	99	1948-06-26	\N
3695	36	99	\N	1970-04-09
3696	40	99	\N	1962-05-08
3697	29	99	\N	1961-07-08
3698	46	99	\N	1963-10-08
3699	47	99	1948-06-26	1961-10-28
3700	59	99	\N	1971-12-01
3701	60	99	1948-06-26	1962-10-29
3702	61	99	1948-06-26	1951-01-22
3703	62	99	\N	1961-12-19
3704	65	99	\N	1966-06-27
3705	67	99	1948-06-26	1956-11-01
3706	74	99	1948-06-26	1951-05-25
3707	76	99	1948-06-26	\N
3708	77	99	1948-06-26	\N
3709	78	99	1948-06-26	1958-09-12
3710	82	99	1948-06-26	1959-05-04
3711	83	99	\N	1949-12-14
3712	84	99	1948-06-26	1953-04-11
3713	86	99	\N	1974-06-04
3714	95	99	1948-06-26	\N
3715	99	99	1948-06-26	1950-09-01
3716	101	99	1948-06-26	1950-03-15
3717	102	99	\N	1966-02-11
3718	106	99	\N	1962-03-19
3719	109	99	\N	1972-10-16
3720	111	99	\N	1967-05-09
3721	114	99	1948-06-26	1951-06-15
3722	117	99	1948-06-26	1951-10-23
3723	123	99	1948-06-26	1972-11-16
3724	124	99	1948-06-26	\N
3725	126	99	\N	1962-05-02
3726	130	99	1948-06-26	1962-10-11
3727	132	99	1948-06-26	\N
3728	139	99	\N	1950-06-29
3729	141	99	1948-06-26	1951-06-30
3730	153	99	\N	1962-06-30
3731	162	99	1948-06-26	1950-02-20
3732	165	99	1948-06-26	1951-03-29
3733	169	99	1948-06-26	1961-02-22
3734	170	99	1948-06-26	1955-12-02
3735	171	99	1948-06-26	\N
3736	179	99	1948-06-26	1951-10-23
3737	180	99	\N	1951-10-27
3738	186	99	1948-06-26	1957-10-24
3739	188	99	\N	1967-06-07
3740	26	100	1968-01-11	\N
3741	32	100	1967-07-14	\N
3742	29	100	1967-07-14	\N
3743	46	100	1967-07-14	\N
3744	61	100	1967-07-14	\N
3745	62	100	1967-07-14	\N
3746	67	100	1967-07-14	\N
3747	74	100	1967-07-14	\N
3748	76	100	1968-01-12	\N
3749	77	100	1967-07-14	\N
3750	78	100	1967-07-14	\N
3751	84	100	1967-07-14	\N
3752	86	100	1967-07-14	\N
3753	101	100	1967-07-14	\N
3754	102	100	1967-07-14	\N
3755	109	100	\N	1972-10-16
3756	111	100	1967-07-14	\N
3757	114	100	1967-07-14	\N
3758	126	100	1967-07-14	\N
3759	130	100	1967-07-14	\N
3760	132	100	\N	1969-11-26
3761	139	100	1967-07-14	\N
3762	140	100	1968-01-10	\N
3763	141	100	1967-07-14	\N
3764	143	100	1967-07-14	1969-10-29
3765	153	100	1967-07-14	1968-09-19
3766	162	100	1967-07-14	\N
3767	179	100	1967-07-14	\N
3768	1	101	\N	2018-03-02
3769	2	101	\N	1993-12-02
3770	3	101	\N	1998-01-19
3771	4	101	\N	2004-03-02
3772	6	101	\N	1999-12-17
3773	8	101	\N	2000-07-19
3774	9	101	\N	1977-11-28
3775	10	101	1972-01-28	1982-05-19
3776	11	101	\N	1999-03-04
3777	13	101	\N	1996-11-29
3778	14	101	\N	1999-02-04
3779	15	101	\N	1983-03-16
3780	16	101	\N	1997-09-12
3781	17	101	1971-08-12	1999-06-29
3782	18	101	\N	2000-03-17
3783	19	101	\N	1974-12-09
3784	20	101	\N	2004-08-25
3785	21	101	\N	1993-08-04
3786	22	101	\N	1993-06-02
3787	23	101	\N	1998-01-15
3788	24	101	1971-07-24	1975-01-14
3789	25	101	\N	2006-05-30
3790	26	101	\N	1974-08-30
3791	27	101	\N	1975-10-20
3792	28	101	\N	2016-01-12
3793	30	101	\N	1997-04-07
3794	33	101	\N	1998-03-26
3795	34	101	\N	1977-05-31
3796	36	101	\N	1975-03-25
3797	37	101	\N	1992-07-10
3798	38	101	\N	1987-12-04
3799	39	101	\N	2005-01-17
3800	40	101	1971-07-24	1975-09-02
3801	196	101	\N	2017-05-03
3802	41	101	\N	1978-03-03
3803	42	101	\N	1992-07-28
3804	43	101	\N	1996-11-20
3805	44	101	1971-07-24	1983-04-22
3806	45	101	\N	1992-12-18
3807	163	101	\N	2003-01-28
3808	46	101	\N	1974-10-28
3809	47	101	1971-07-24	1979-03-30
3810	48	101	\N	2002-02-13
3811	49	101	\N	1999-05-07
3812	50	101	\N	1997-09-24
3813	51	101	\N	1991-07-08
3814	52	101	\N	1977-03-02
3815	53	101	\N	1993-11-18
3816	54	101	\N	1997-03-26
3817	56	101	\N	1994-07-26
3818	57	101	\N	1998-09-14
3819	60	101	1972-01-25	1986-07-25
3820	62	101	\N	1975-03-06
3821	63	101	\N	1992-12-07
3822	64	101	\N	1995-02-16
3823	66	101	\N	1991-07-11
3824	67	101	\N	1975-12-04
3825	68	101	\N	1998-06-22
3826	69	101	\N	1997-04-28
3827	70	101	\N	1980-08-13
3828	71	101	\N	1991-04-18
3829	72	101	\N	1994-07-25
3830	73	101	\N	1995-10-11
3831	74	101	1971-07-24	1975-01-20
3832	75	101	\N	1989-10-24
3833	79	101	\N	1997-06-05
3834	82	101	\N	2004-12-02
3835	83	101	1971-07-24	2003-09-24
3836	84	101	1971-07-24	1979-08-13
3837	85	101	\N	1993-09-28
3838	86	101	1972-01-25	1975-01-20
3839	87	101	\N	1999-04-28
3840	88	101	\N	1999-01-12
3841	89	101	\N	1993-03-11
3842	90	101	\N	2017-10-02
3843	91	101	\N	2014-09-02
3844	92	101	\N	1999-04-08
3845	93	101	\N	2011-12-14
3846	94	101	\N	1995-05-11
3847	95	101	1971-07-24	\N
3848	96	101	\N	1989-06-27
3849	97	101	\N	1988-12-08
3850	98	101	\N	1976-06-28
3851	99	101	1971-07-24	1999-06-23
3852	100	101	\N	1994-09-14
3853	101	101	1971-07-24	1975-01-15
3854	103	101	\N	1991-07-12
3855	104	101	\N	1990-06-28
3856	106	101	\N	1977-08-22
3857	109	101	\N	1976-06-17
3858	110	101	\N	1989-02-09
3859	111	101	1971-07-24	1974-09-11
3860	112	101	\N	2003-07-07
3861	114	101	1971-07-24	1974-08-05
3862	115	101	\N	1997-12-12
3863	116	101	\N	2006-12-04
3864	117	101	1971-07-24	1987-02-17
3865	118	101	\N	2013-08-22
3866	120	101	\N	1993-09-21
3867	121	101	\N	2020-02-11
3868	122	101	\N	2005-10-11
3869	124	101	\N	2018-12-17
3870	125	101	\N	2000-05-23
3871	126	101	\N	1975-02-18
3872	127	101	\N	1993-06-10
3873	197	101	\N	2016-06-24
3874	129	101	\N	1993-07-23
3875	131	101	\N	1999-04-14
3876	135	101	\N	1996-03-08
3877	137	101	\N	1991-09-09
3878	138	101	\N	1988-05-20
3879	141	101	\N	1978-10-10
3880	142	101	\N	2000-04-05
3881	163	101	\N	1996-05-21
3882	113	101	\N	1995-08-01
3883	143	101	1972-01-31	1998-06-09
3884	144	101	\N	1994-12-09
3885	145	101	\N	1983-11-03
3886	146	101	\N	1995-01-03
3887	147	101	\N	1993-05-21
3888	148	101	\N	1995-05-29
3889	149	101	\N	2006-04-21
3890	150	101	\N	2020-06-02
3891	151	101	\N	2016-03-14
3892	152	101	\N	2003-12-11
3893	153	101	1971-07-24	1975-05-02
3894	154	101	\N	2006-09-19
3895	157	101	\N	1998-09-21
3896	158	101	\N	1992-12-30
3897	159	101	\N	1992-06-12
3898	160	101	\N	2019-04-04
3899	167	101	\N	2000-09-28
3900	168	101	\N	1976-11-16
3901	170	101	1971-07-24	1993-06-25
3902	171	101	\N	2004-03-11
3903	172	101	\N	1999-12-09
3904	176	101	\N	1975-01-28
3905	177	101	\N	2001-03-14
3906	178	101	\N	1988-05-16
3907	179	101	1971-07-24	1975-05-14
3908	180	101	\N	1995-10-01
3909	181	101	\N	2016-02-29
3910	182	101	\N	2017-03-02
3911	184	101	\N	1995-07-25
3912	185	101	\N	2004-04-14
3913	186	101	1971-07-24	1989-09-29
3914	173	101	\N	1994-04-25
3915	187	101	\N	1988-11-16
3916	188	101	1971-10-04	1979-09-21
3917	189	101	\N	2005-01-19
3918	190	101	\N	2012-09-27
3919	191	101	\N	1982-09-20
3920	192	101	\N	2004-07-26
3921	193	101	\N	2008-04-14
3922	194	101	\N	1991-09-13
3923	3	102	\N	2017-07-25
3924	8	102	\N	2020-12-17
3925	10	102	2013-06-19	\N
3926	17	102	2013-05-08	\N
3927	18	102	\N	2018-11-09
3928	23	102	2012-10-04	2013-11-20
3929	26	102	2012-12-19	\N
3930	27	102	2012-06-26	2017-07-31
3931	28	102	2012-06-26	\N
3932	31	102	\N	2019-03-27
3933	32	102	2012-06-26	\N
3934	34	102	2012-06-26	2020-08-19
3935	35	102	2012-06-26	\N
3936	36	102	2012-06-26	2015-06-22
3937	37	102	2012-06-26	2014-07-09
3938	38	102	2012-06-26	\N
3939	39	102	\N	2021-01-25
3940	40	102	2012-06-26	\N
3941	196	102	\N	2019-03-19
3942	41	102	2012-06-26	2020-11-13
3943	29	102	2012-06-26	\N
3944	44	102	2012-06-26	\N
3945	45	102	2013-04-29	\N
3946	163	102	2012-06-26	2016-02-19
3947	47	102	2012-06-26	\N
3948	48	102	2012-06-26	\N
3949	50	102	\N	2018-06-05
3950	51	102	\N	2021-05-03
3951	53	102	2012-11-07	2016-10-10
3952	56	102	2013-06-20	\N
3953	60	102	2013-06-14	\N
3954	61	102	2012-06-26	\N
3955	62	102	\N	2016-09-21
3956	65	102	2013-06-20	\N
3957	66	102	2012-06-26	\N
3958	67	102	2013-06-20	\N
3959	68	102	2012-06-26	\N
3960	69	102	2013-05-27	\N
3961	70	102	2012-06-26	\N
3962	73	102	2012-06-26	\N
3963	75	102	2012-10-04	\N
3964	76	102	2012-06-26	\N
3965	79	102	2012-12-18	2020-01-28
3966	82	102	2013-06-19	\N
3967	84	102	2012-06-26	\N
3968	85	102	2012-06-26	\N
3969	86	102	\N	2014-06-10
3970	87	102	2012-06-26	\N
3971	89	102	2012-06-26	2019-11-15
3972	90	102	\N	2021-03-22
3973	101	102	2013-06-20	\N
3974	102	102	2012-06-26	\N
3975	106	102	2012-06-26	2018-10-23
3976	108	102	\N	2019-02-08
3977	109	102	2012-06-26	\N
3978	110	102	2012-06-26	\N
3979	111	102	2012-06-26	\N
3980	115	102	2012-06-26	\N
3981	116	102	2013-05-27	\N
3982	117	102	2012-06-26	\N
3983	120	102	2012-06-26	\N
3984	123	102	2013-06-19	\N
3985	125	102	2012-06-26	\N
3986	127	102	\N	2017-10-04
3987	138	102	2012-06-26	2018-09-27
3988	139	102	\N	2021-04-28
3989	140	102	2013-06-24	\N
3990	142	102	2013-06-24	2015-07-03
3991	163	102	\N	2020-04-22
3992	113	102	2012-06-26	2015-09-04
3993	143	102	2013-06-24	\N
3994	144	102	\N	2015-10-19
3995	148	102	\N	2016-09-05
3996	149	102	\N	2017-05-09
3997	151	102	2012-06-26	2020-10-15
3998	153	102	2012-06-26	\N
3999	155	102	2012-06-26	\N
4000	156	102	2012-06-26	\N
4001	158	102	\N	2014-05-22
4002	159	102	2013-06-21	\N
4003	165	102	2012-06-26	\N
4004	167	102	2012-06-26	\N
4005	169	102	2013-06-14	\N
4006	170	102	2012-06-26	2020-02-11
4007	171	102	2012-06-26	2013-03-18
4008	176	102	2012-06-26	2021-01-20
4009	178	102	\N	2019-10-04
4010	179	102	2012-06-26	2016-07-21
4011	183	102	2012-10-08	\N
4012	185	102	\N	2014-10-15
4013	186	102	2013-06-11	\N
4014	187	102	2012-06-26	\N
4015	190	102	\N	2020-05-06
4016	194	102	2012-06-26	\N
4017	195	102	2012-12-11	2019-09-12
4018	1	103	\N	2017-02-14
4019	2	103	\N	1995-07-04
4020	3	103	\N	1965-09-16
4021	4	103	\N	2004-03-02
4022	5	103	\N	2007-09-27
4023	6	103	\N	1999-12-17
4024	7	103	\N	1966-12-27
4025	8	103	\N	1994-05-17
4026	9	103	\N	1925-07-30
4027	10	103	\N	1908-11-30
4028	11	103	\N	1995-09-25
4029	12	103	\N	1976-07-05
4030	13	103	\N	1997-07-29
4031	14	103	\N	1990-11-29
4032	15	103	\N	1984-12-12
4033	16	103	\N	1993-04-14
4034	17	103	1883-03-20	1884-06-06
4035	18	103	\N	2000-03-17
4036	19	103	\N	1966-09-22
4037	20	103	\N	2000-05-04
4038	21	103	\N	1993-08-04
4039	22	103	\N	1993-06-02
4040	23	103	\N	1998-01-15
4041	24	103	1883-03-20	1884-06-06
4042	25	103	\N	2011-11-17
4043	26	103	\N	1921-04-30
4044	27	103	\N	1963-09-17
4045	28	103	\N	1977-05-31
4046	31	103	\N	1998-06-22
4047	32	103	\N	1964-02-10
4048	33	103	\N	1923-08-21
4049	34	103	\N	1963-10-05
4050	35	103	\N	1963-09-11
4051	36	103	\N	1991-03-13
4052	37	103	\N	1984-12-19
4053	38	103	\N	1996-06-03
4054	39	103	\N	2005-01-03
4055	40	103	\N	1963-06-26
4056	41	103	\N	1995-07-28
4057	29	103	\N	1963-08-09
4058	42	103	\N	1992-07-28
4059	43	103	\N	1904-09-22
4060	44	103	\N	1965-12-17
4061	45	103	\N	1992-12-18
4062	163	103	\N	1980-03-07
4063	46	103	\N	1974-10-28
4064	47	103	\N	1894-10-01
4065	48	103	\N	2002-02-13
4066	49	103	\N	1999-05-07
4067	50	103	\N	1884-10-20
4068	51	103	\N	1999-03-22
4069	52	103	\N	1951-03-05
4070	53	103	\N	1993-11-18
4071	54	103	\N	1997-03-26
4072	56	103	\N	1994-05-24
4073	57	103	\N	1991-02-12
4074	60	103	\N	1921-08-02
4075	61	103	1883-03-20	1884-06-06
4076	62	103	\N	1963-11-16
4077	63	103	\N	1991-10-21
4078	64	103	\N	1994-01-18
4079	65	103	\N	1903-05-01
4080	66	103	\N	1976-06-28
4081	67	103	\N	1924-08-18
4082	68	103	\N	1998-06-22
4083	69	103	\N	1998-05-18
4084	70	103	\N	1981-10-30
4085	71	103	\N	1988-03-28
4086	72	103	\N	1994-07-25
4087	73	103	\N	1958-02-19
4088	74	103	\N	1960-07-21
4089	75	103	\N	1993-11-03
4090	76	103	\N	1908-11-30
4091	77	103	\N	1962-01-31
4092	78	103	\N	1998-09-07
4093	79	103	\N	1950-08-15
4094	80	103	\N	1959-09-01
4095	81	103	\N	1975-10-21
4096	82	103	\N	1925-10-22
4097	83	103	\N	1949-12-14
4098	84	103	1883-03-20	1884-06-06
4099	85	103	\N	1999-09-24
4100	86	103	\N	1899-04-18
4101	87	103	\N	1972-04-12
4102	88	103	\N	1993-02-16
4103	89	103	\N	1965-05-14
4104	91	103	\N	2014-09-02
4105	92	103	\N	1994-02-14
4106	93	103	\N	1998-07-08
4107	94	103	\N	1993-06-07
4108	95	103	\N	1924-06-18
4109	96	103	\N	1989-06-27
4110	97	103	\N	1994-05-27
4111	98	103	\N	1976-06-28
4112	99	103	\N	1933-05-08
4113	100	103	\N	1994-02-21
4114	101	103	\N	1922-05-12
4115	102	103	\N	1963-10-07
4116	103	103	\N	1965-05-24
4117	104	103	\N	1988-06-23
4118	106	103	\N	1982-10-14
4119	107	103	\N	1967-08-29
4120	109	103	\N	1964-10-26
4121	110	103	\N	1976-06-21
4122	111	103	\N	1903-07-20
4123	114	103	\N	1956-02-09
4124	115	103	\N	1985-01-16
4125	116	103	\N	2006-12-04
4126	117	103	\N	1917-02-27
4127	118	103	\N	1998-04-09
4128	120	103	\N	2003-12-29
4129	122	103	\N	2001-03-22
4130	123	103	1883-03-20	1884-06-06
4131	124	103	\N	1931-06-10
4132	125	103	\N	1996-04-03
4133	126	103	\N	1963-09-10
4134	127	103	\N	1963-07-17
4135	129	103	\N	1993-07-23
4136	130	103	\N	1885-05-29
4137	131	103	\N	1999-04-14
4138	132	103	\N	2004-04-22
4139	135	103	\N	1996-07-19
4140	136	103	\N	1999-03-15
4141	137	103	\N	1994-02-25
4142	138	103	\N	1995-01-11
4143	139	103	\N	1965-08-12
4144	140	103	\N	1919-06-24
4145	141	103	1883-03-20	1884-06-06
4146	142	103	\N	2000-04-05
4147	163	103	\N	1980-02-01
4148	113	103	\N	1993-06-03
4149	143	103	\N	1920-08-26
4150	144	103	\N	1965-03-16
4151	145	103	\N	1983-11-03
4152	146	103	\N	1995-01-03
4153	147	103	\N	1995-03-09
4154	148	103	\N	1995-05-29
4155	149	103	\N	2013-06-21
4156	150	103	\N	1959-12-16
4157	151	103	\N	1998-02-12
4158	152	103	\N	2003-12-11
4159	153	103	\N	1963-10-16
4160	154	103	\N	2006-09-19
4161	155	103	\N	2002-08-07
4162	156	103	\N	1997-03-17
4163	157	103	\N	1994-11-23
4164	158	103	\N	1992-12-30
4165	159	103	\N	1992-06-12
4166	162	103	\N	1947-10-20
4167	165	103	1883-03-20	1884-06-06
4168	166	103	\N	1952-10-09
4169	167	103	\N	1984-01-16
4170	168	103	\N	1976-11-16
4171	169	103	\N	1885-05-29
4172	170	103	1883-03-20	1884-06-06
4173	171	103	\N	1924-06-18
4174	172	103	\N	1994-02-14
4175	174	103	\N	2008-05-02
4176	176	103	\N	1967-07-11
4177	177	103	\N	2001-03-14
4178	178	103	\N	1964-05-14
4179	179	103	\N	1884-03-20
4180	180	103	\N	1925-08-06
4181	181	103	\N	1995-03-01
4182	183	103	\N	1965-05-14
4183	184	103	\N	1992-09-21
4184	185	103	\N	1996-06-19
4185	186	103	\N	1884-03-17
4186	173	103	\N	1963-04-02
4187	187	103	\N	1887-03-18
4188	188	103	\N	1967-01-25
4189	189	103	\N	1993-08-18
4190	191	103	\N	1995-06-09
4191	192	103	\N	\N
4192	193	103	\N	2006-11-15
4193	194	103	\N	1964-12-31
4194	195	103	\N	1981-09-29
4195	10	104	\N	1908-11-30
4196	17	104	1900-12-14	1901-12-10
4197	24	104	1900-12-14	1903-04-08
4198	43	104	\N	1904-09-22
4199	47	104	1900-12-14	1901-10-10
4200	50	104	1900-12-14	1910-05-27
4201	61	104	1900-12-14	1902-05-23
4202	65	104	\N	1903-05-01
4203	76	104	\N	1908-11-30
4204	84	104	1900-12-14	1901-12-12
4205	86	104	1900-12-14	1902-04-21
4206	111	104	\N	1903-07-20
4207	117	104	\N	1917-06-13
4208	123	104	1900-12-14	1902-06-10
4209	130	104	1900-12-14	1902-06-05
4210	141	104	1900-12-14	1901-11-05
4211	154	104	1900-12-14	1909-08-23
4212	165	104	1900-12-14	1903-01-22
4213	169	104	1900-12-14	1902-06-05
4214	170	104	1900-12-14	1901-08-05
4215	179	104	1900-12-14	1902-05-23
4216	186	104	1900-12-14	1901-12-06
4217	187	104	1900-12-14	1901-05-03
4218	9	105	\N	1925-07-30
4219	10	105	1911-06-02	1913-04-01
4220	17	105	1911-06-02	1914-07-08
4221	24	105	1911-06-02	1914-11-17
4222	26	105	\N	1921-04-30
4223	33	105	\N	1923-08-21
4224	43	105	1911-06-02	1921-11-22
4225	47	105	1911-06-02	1914-07-30
4226	50	105	1911-06-02	1913-04-01
4227	56	105	\N	1923-12-18
4228	60	105	\N	1921-08-02
4229	61	105	1911-06-02	1913-04-01
4230	65	105	1911-06-02	1913-04-01
4231	67	105	\N	1924-08-18
4232	76	105	1911-06-02	1913-04-01
4233	82	105	\N	1925-10-22
4234	84	105	1911-06-02	1913-04-01
4235	86	105	1911-06-02	1913-04-01
4236	94	105	\N	1925-07-06
4237	95	105	\N	1924-06-18
4238	101	105	\N	1922-05-12
4239	111	105	1911-06-02	1913-04-01
4240	117	105	\N	1917-02-27
4241	123	105	1911-06-02	1913-04-01
4242	130	105	1911-06-02	1913-04-01
4243	140	105	\N	1919-06-24
4244	141	105	1911-06-02	1913-04-01
4245	143	105	\N	1920-08-26
4246	165	105	1911-06-02	1913-04-01
4247	169	105	1911-06-02	1916-11-21
4248	170	105	1911-06-02	1913-04-01
4249	171	105	\N	1924-06-18
4250	179	105	1911-06-02	1913-04-01
4251	180	105	\N	1925-08-06
4252	186	105	1911-06-02	1913-04-01
4253	187	105	1911-06-02	1913-04-01
4254	9	106	1925-11-06	1932-12-29
4255	10	106	1925-11-06	1928-05-01
4256	17	106	1925-11-06	1929-06-12
4257	24	106	1925-11-06	1929-09-06
4258	26	106	\N	1965-12-10
4259	33	106	1925-11-06	1928-05-01
4260	43	106	1925-11-06	\N
4261	47	106	1925-11-06	1937-06-21
4262	50	106	1925-11-06	1950-06-23
4263	56	106	1925-11-06	\N
4264	60	106	1925-11-06	\N
4265	61	106	1925-11-06	1930-09-09
4266	65	106	1925-11-06	1928-05-01
4267	67	106	\N	1953-10-05
4268	76	106	1925-11-06	1929-03-26
4269	84	106	1925-11-06	1928-05-01
4270	86	106	1925-11-06	1934-11-14
4271	95	106	1925-11-06	1930-10-06
4272	99	106	\N	1933-05-08
4273	111	106	1925-11-06	1929-11-21
4274	117	106	1925-11-06	1930-09-09
4275	123	106	1925-11-06	1928-05-01
4276	124	106	\N	1931-06-10
4277	130	106	1925-11-06	1938-03-02
4278	140	106	1925-11-06	1931-09-25
4279	141	106	1925-11-06	1928-07-07
4280	143	106	\N	\N
4281	165	106	1925-11-06	1928-05-01
4282	169	106	1925-11-06	1934-04-10
4283	170	106	1925-11-06	1929-05-15
4284	171	106	1925-11-06	1930-10-06
4285	179	106	1925-11-06	1930-09-09
4286	180	106	\N	1930-07-09
4287	186	106	1925-11-06	1928-05-01
4288	187	106	1925-11-06	1931-01-22
4289	9	107	1934-06-02	1958-03-25
4290	10	107	1934-06-02	1947-06-21
4291	17	107	1934-06-02	1939-10-24
4292	24	107	1934-06-02	\N
4293	26	107	\N	1965-12-10
4294	33	107	\N	1951-06-15
4295	43	107	1934-06-02	\N
4296	47	107	1934-06-02	1937-07-29
4297	52	107	\N	1951-03-05
4298	60	107	1934-06-02	1953-04-01
4299	61	107	1934-06-02	1939-05-15
4300	65	107	1934-06-02	1937-08-10
4301	67	107	\N	1953-10-05
4302	73	107	\N	1958-02-19
4303	74	107	\N	1960-07-21
4304	76	107	1934-06-02	1962-03-08
4305	77	107	\N	1962-01-31
4306	79	107	\N	1950-08-15
4307	80	107	\N	1959-09-01
4308	82	107	\N	1958-03-10
4309	83	107	\N	1949-12-14
4310	84	107	1934-06-02	1955-05-09
4311	86	107	1934-06-02	1938-06-17
4312	95	107	1934-06-02	1946-02-19
4313	99	107	1934-06-02	1950-12-08
4314	101	107	\N	1945-11-19
4315	111	107	1934-06-02	1955-05-04
4316	114	107	\N	1956-02-09
4317	117	107	1934-06-02	1940-11-25
4318	123	107	1934-06-02	1948-06-12
4319	124	107	\N	1946-05-23
4320	130	107	1934-06-02	1938-03-02
4321	140	107	1934-06-02	\N
4322	141	107	1934-06-02	1949-10-07
4323	143	107	\N	1963-09-30
4324	150	107	\N	1959-12-16
4325	162	107	\N	1947-10-20
4326	165	107	1934-06-02	1955-12-20
4327	166	107	\N	1952-10-09
4328	169	107	1934-06-02	1953-03-31
4329	170	107	1934-06-02	1939-10-24
4330	171	107	1934-06-02	1946-03-17
4331	179	107	1934-06-02	1942-05-06
4332	180	107	1934-06-02	1957-04-04
4333	186	107	1934-06-02	1938-06-30
4334	187	107	1934-06-02	1935-07-12
4335	3	108	\N	1965-09-16
4336	7	108	\N	1966-12-27
4337	10	108	1958-10-31	1969-09-24
4338	12	108	\N	1976-07-05
4339	17	108	1958-10-31	1965-06-18
4340	19	108	\N	1966-09-22
4341	24	108	1958-10-31	\N
4342	26	108	\N	1965-12-10
4343	27	108	\N	1963-09-17
4344	32	108	\N	1964-02-10
4345	34	108	\N	1963-10-05
4346	35	108	\N	1963-09-11
4347	40	108	\N	1963-06-26
4348	43	108	1958-10-31	1963-01-17
4349	44	108	\N	1965-12-17
4350	29	108	\N	1963-08-09
4351	47	108	1958-10-31	\N
4352	60	108	1958-10-31	\N
4353	61	108	1958-10-31	1961-03-22
4354	62	108	\N	1963-11-16
4355	65	108	1958-10-31	1961-07-20
4356	73	108	\N	1961-01-17
4357	76	108	1958-10-31	1966-12-29
4358	80	108	\N	1960-09-10
4359	82	108	1958-10-31	1967-04-17
4360	83	108	1958-10-31	1966-04-18
4361	84	108	1958-10-31	1968-07-10
4362	86	108	1958-10-31	1965-06-18
4363	89	108	\N	1965-05-14
4364	93	108	\N	1963-09-17
4365	97	108	1958-10-31	\N
4366	99	108	1958-10-31	\N
4367	101	108	1958-10-31	\N
4368	102	108	\N	1963-10-07
4369	103	108	\N	1965-05-24
4370	107	108	\N	1967-08-29
4371	109	108	\N	1964-10-26
4372	111	108	\N	1964-02-21
4373	114	108	1958-10-31	1961-09-01
4374	117	108	1958-10-31	1967-02-21
4375	123	108	1958-10-31	\N
4376	124	108	1958-10-31	\N
4377	126	108	\N	1963-09-10
4378	127	108	\N	1963-07-17
4379	130	108	1958-10-31	1964-03-13
4380	139	108	\N	1965-08-12
4381	140	108	1958-10-31	\N
4382	141	108	1958-10-31	\N
4383	143	108	1958-10-31	1963-09-30
4384	144	108	\N	1965-03-16
4385	153	108	\N	1963-10-16
4386	162	108	\N	1965-01-26
4387	165	108	1958-10-31	\N
4388	169	108	1958-10-31	\N
4389	170	108	1958-10-31	1963-01-17
4390	176	108	\N	1967-07-11
4391	178	108	\N	1964-05-14
4392	180	108	1959-04-24	\N
4393	183	108	\N	1965-05-14
4394	186	108	1958-10-31	1961-09-06
4395	173	108	\N	1963-04-02
4396	187	108	1958-10-31	1961-10-26
4397	188	108	\N	1967-01-25
4398	194	108	\N	1964-12-31
4399	195	108	\N	1981-09-29
4400	1	109	\N	2017-02-14
4401	2	109	\N	1995-07-04
4402	3	109	1967-07-14	1975-01-16
4403	4	109	\N	2004-03-02
4404	5	109	\N	2007-09-27
4405	6	109	\N	1999-12-17
4406	8	109	\N	1994-05-17
4407	10	109	1967-07-14	1973-05-11
4408	11	109	\N	1995-09-25
4409	13	109	\N	1997-07-29
4410	14	109	\N	1990-11-29
4411	15	109	\N	1984-12-12
4412	16	109	\N	1993-04-14
4413	17	109	1967-07-14	1974-10-31
4414	18	109	\N	2000-03-17
4415	19	109	\N	1974-12-09
4416	20	109	\N	2000-05-04
4417	21	109	\N	1993-08-04
4418	22	109	\N	1993-06-02
4419	23	109	\N	1998-01-15
4420	25	109	\N	2011-11-17
4421	27	109	\N	1975-05-23
4422	28	109	\N	1977-05-31
4423	31	109	\N	1998-06-22
4424	32	109	1967-07-14	1975-01-17
4425	33	109	\N	\N
4426	34	109	1967-07-14	1978-05-23
4427	35	109	\N	1970-06-26
4428	36	109	\N	1991-03-13
4429	37	109	\N	1984-12-19
4430	38	109	\N	1996-06-03
4431	39	109	\N	2005-01-03
4432	40	109	\N	1975-09-02
4433	41	109	\N	1995-07-28
4434	42	109	\N	1992-07-28
4435	43	109	1968-01-12	1974-12-27
4436	44	109	\N	1983-12-21
4437	45	109	\N	1992-12-18
4438	29	109	1967-07-14	1974-02-01
4439	163	109	\N	1980-03-07
4440	46	109	\N	1974-10-28
4441	48	109	\N	2002-02-13
4442	49	109	\N	1999-05-07
4443	51	109	\N	1999-03-22
4444	52	109	\N	1974-12-03
4445	53	109	\N	1993-11-18
4446	54	109	\N	1997-03-26
4447	56	109	\N	1994-05-24
4448	57	109	\N	1991-02-12
4449	61	109	1967-07-14	1975-05-02
4450	62	109	1967-07-14	1975-03-06
4451	63	109	\N	1991-10-21
4452	64	109	\N	1994-01-18
4453	65	109	1967-07-14	1970-06-19
4454	66	109	\N	1976-06-28
4455	67	109	1967-07-14	1976-04-12
4456	68	109	\N	1998-06-22
4457	69	109	\N	1998-05-18
4458	70	109	\N	1981-10-30
4459	71	109	\N	1988-03-28
4460	72	109	\N	1994-07-25
4461	73	109	\N	1983-08-02
4462	74	109	1967-07-14	1975-01-20
4463	75	109	\N	1993-11-03
4464	78	109	\N	1998-09-07
4465	80	109	1967-07-14	1998-12-12
4466	81	109	\N	1975-10-21
4467	84	109	1967-07-14	1977-01-20
4468	85	109	\N	1999-09-24
4469	87	109	\N	1972-04-12
4470	88	109	\N	1993-02-16
4471	89	109	1967-07-14	1971-07-05
4472	91	109	\N	2014-09-02
4473	92	109	\N	1994-02-14
4474	93	109	\N	1998-07-08
4475	94	109	\N	1993-06-07
4476	96	109	\N	1989-06-27
4477	97	109	\N	1994-05-27
4478	98	109	\N	1976-06-28
4479	99	109	1967-07-14	1972-02-21
4480	100	109	\N	1994-02-21
4481	101	109	1967-07-14	1974-12-10
4482	102	109	1967-07-14	1972-01-03
4483	103	109	\N	1970-03-11
4484	104	109	\N	1988-06-23
4485	106	109	\N	1982-10-14
4486	109	109	\N	1976-06-17
4487	110	109	\N	1976-06-21
4488	111	109	\N	1976-04-21
4489	114	109	1967-07-14	1975-06-27
4490	115	109	\N	1985-01-16
4491	116	109	\N	2006-12-04
4492	117	109	1967-07-14	1971-04-27
4493	118	109	\N	1998-04-09
4494	120	109	\N	2003-12-29
4495	122	109	\N	2001-03-22
4496	123	109	1967-07-14	1974-10-09
4497	125	109	\N	1996-04-03
4498	126	109	1967-07-14	1974-12-06
4499	129	109	\N	1993-07-23
4500	130	109	1967-07-14	1974-03-08
4501	131	109	\N	1999-04-14
4502	132	109	\N	2004-04-22
4503	135	109	\N	1996-07-19
4504	136	109	\N	1999-03-15
4505	137	109	\N	1994-02-25
4506	138	109	\N	1995-01-11
4507	140	109	1968-01-10	1974-12-23
4508	141	109	1967-07-14	1975-01-27
4509	142	109	\N	2000-04-05
4510	163	109	\N	1980-02-01
4511	113	109	\N	1993-06-03
4512	145	109	\N	1983-11-03
4513	146	109	\N	1995-01-03
4514	147	109	\N	1995-03-09
4515	148	109	\N	1995-05-29
4516	149	109	\N	2013-06-21
4517	150	109	\N	1991-03-26
4518	151	109	\N	1998-02-12
4519	152	109	\N	2003-12-11
4520	154	109	\N	2006-09-19
4521	155	109	\N	2002-08-07
4522	156	109	\N	1997-03-17
4523	157	109	\N	1994-11-23
4524	158	109	\N	1992-12-30
4525	159	109	\N	1992-06-12
4526	162	109	1967-07-14	1974-12-23
4527	165	109	1967-07-14	1972-01-10
4528	167	109	\N	1984-01-16
4529	168	109	\N	1976-11-16
4530	171	109	\N	2002-09-13
4531	172	109	\N	1994-02-14
4532	174	109	\N	2008-05-02
4533	176	109	\N	1975-01-28
4534	177	109	\N	2001-03-14
4535	178	109	\N	1988-05-16
4536	179	109	1967-07-14	1976-01-07
4537	181	109	\N	1995-03-01
4538	183	109	\N	1973-07-18
4539	184	109	\N	1992-09-21
4540	185	109	\N	1996-06-19
4541	188	109	\N	1979-09-20
4542	189	109	\N	1993-08-18
4543	191	109	\N	1995-06-09
4544	192	109	\N	1981-04-07
4545	193	109	\N	2006-11-15
4546	195	109	\N	1981-09-29
4547	2	110	\N	2010-02-17
4548	3	110	2000-06-02	\N
4549	6	110	\N	2019-03-25
4550	8	110	\N	2013-06-17
4551	9	110	\N	2008-12-16
4552	10	110	2000-06-02	\N
4553	13	110	\N	2005-09-15
4554	16	110	\N	2016-07-21
4555	17	110	2000-06-02	\N
4556	22	110	\N	2012-02-09
4557	24	110	2000-06-02	\N
4558	27	110	2001-05-11	\N
4559	28	110	2000-06-02	\N
4560	33	110	2001-05-21	2019-07-30
4561	29	110	2000-07-20	\N
4562	42	110	2000-06-02	2004-12-20
4563	43	110	2000-06-02	\N
4564	45	110	2000-06-02	\N
4565	163	110	2000-06-02	2018-05-22
4566	47	110	2000-06-02	2004-03-16
4567	56	110	2000-06-02	2003-04-14
4568	57	110	2000-06-02	\N
4569	60	110	\N	2005-12-06
4570	61	110	2000-09-14	2009-10-05
4571	63	110	2000-06-02	\N
4572	65	110	2001-05-29	\N
4573	66	110	2000-06-02	\N
4574	67	110	2000-06-02	\N
4575	73	110	2000-06-02	\N
4576	76	110	2000-06-02	2007-12-12
4577	82	110	2001-05-31	2012-02-27
4578	83	110	2000-06-02	\N
4579	84	110	2000-06-02	\N
4580	86	110	\N	2016-03-11
4581	88	110	\N	2011-07-19
4582	89	110	2000-06-02	\N
4583	92	110	2000-06-02	2002-04-24
4584	94	110	2000-06-02	2010-03-12
4585	95	110	2000-06-02	\N
4586	97	110	2000-06-02	2016-10-04
4587	99	110	\N	2009-09-18
4588	100	110	\N	2011-11-03
4589	101	110	2000-06-02	\N
4590	102	110	2000-06-02	\N
4591	103	110	2000-06-02	\N
4592	114	110	2000-06-28	\N
4593	116	110	\N	2011-12-09
4594	123	110	2001-05-31	2010-09-27
4595	127	110	2000-06-02	2002-12-19
4596	129	110	\N	2010-01-22
4597	131	110	\N	2007-07-16
4598	140	110	2000-06-02	\N
4599	141	110	2000-06-02	\N
4600	113	110	2000-06-02	2001-09-27
4601	143	110	2000-06-02	2005-01-28
4602	144	110	\N	2009-05-12
4603	150	110	2000-10-10	\N
4604	151	110	2000-06-02	\N
4605	152	110	\N	2013-05-03
4606	154	110	\N	2010-05-20
4607	158	110	\N	2002-07-16
4608	159	110	2000-06-02	2002-05-08
4609	165	110	2000-06-02	2013-08-06
4610	167	110	2000-06-02	\N
4611	169	110	2001-05-17	2007-09-27
4612	170	110	2000-06-02	2008-03-31
4613	176	110	2000-06-02	\N
4614	180	110	2000-06-02	\N
4615	181	110	\N	2021-04-19
4616	183	110	2000-06-02	\N
4617	184	110	\N	2003-03-31
4618	186	110	2000-06-02	2005-12-22
4619	187	110	2000-06-02	2013-09-18
4620	189	110	\N	2006-04-19
4621	194	110	2000-06-02	\N
4622	2	111	\N	2001-03-26
4623	7	111	\N	1973-03-19
4624	8	111	\N	2002-10-31
4625	9	111	\N	1974-03-12
4626	10	111	1972-04-28	1982-05-06
4627	11	111	\N	2001-06-01
4628	15	111	\N	1983-03-23
4629	16	111	\N	2003-01-17
4630	22	111	1992-03-01	2009-02-19
4631	24	111	1971-10-29	1975-08-06
4632	26	111	\N	1995-05-31
4633	27	111	\N	1987-10-14
4634	33	111	1971-10-29	\N
4635	36	111	\N	1976-12-15
4636	37	111	\N	1993-01-05
4637	38	111	1971-10-29	1994-02-14
4638	41	111	\N	1982-03-01
4639	42	111	\N	2000-01-20
4640	44	111	\N	1993-06-25
4641	45	111	\N	1993-09-30
4642	46	111	\N	1977-07-25
4643	47	111	1971-10-29	1976-12-07
4644	51	111	1971-10-29	1974-06-04
4645	52	111	\N	1977-12-15
4646	53	111	\N	1978-10-25
4647	56	111	\N	2000-02-28
4648	59	111	\N	1972-06-15
4649	60	111	1972-04-21	1972-12-18
4650	61	111	1971-10-29	1972-09-12
4651	65	111	1971-10-29	1974-02-07
4652	66	111	\N	2016-11-04
4653	67	111	\N	1993-11-02
4654	69	111	\N	1976-10-14
4655	74	111	1971-10-29	1977-04-04
4656	75	111	\N	1989-11-16
4657	76	111	\N	1975-02-24
4658	78	111	1971-10-29	1974-11-01
4659	80	111	1971-10-29	\N
4660	83	111	1971-10-29	1978-01-10
4661	84	111	1971-10-29	1976-12-20
4662	85	111	\N	1993-10-07
4663	86	111	1972-04-21	1978-06-19
4664	88	111	\N	2001-05-03
4665	89	111	1972-04-04	1976-01-06
4666	92	111	\N	2002-07-12
4667	94	111	\N	1997-04-29
4668	97	111	\N	2005-09-16
4669	99	111	1972-04-28	1999-07-12
4670	100	111	\N	1999-10-27
4671	101	111	1971-10-29	1975-11-25
4672	111	111	1971-10-29	1973-09-11
4673	114	111	1971-10-29	1974-08-21
4674	116	111	\N	2006-10-23
4675	123	111	\N	1993-07-07
4676	124	111	\N	1976-05-03
4677	125	111	1971-10-29	2000-05-10
4678	129	111	\N	1997-12-02
4679	130	111	1972-04-28	1978-04-10
4680	135	111	1972-04-28	1974-03-20
4681	137	111	\N	1978-10-30
4682	138	111	\N	1985-05-07
4683	139	111	1972-04-29	\N
4684	163	111	\N	1987-07-01
4685	113	111	\N	2000-04-17
4686	143	111	\N	1998-07-01
4687	144	111	\N	1994-12-09
4688	147	111	\N	2001-01-02
4689	154	111	1971-10-29	2003-03-10
4690	158	111	\N	1993-05-28
4691	159	111	\N	1996-07-09
4692	165	111	1971-10-29	1974-05-16
4693	169	111	1971-10-29	1973-01-18
4694	170	111	1971-10-29	1993-06-24
4695	172	111	\N	2012-11-16
4696	176	111	\N	2003-03-10
4697	178	111	\N	1988-06-27
4698	184	111	\N	1999-11-18
4699	186	111	1971-10-29	1972-12-05
4700	187	111	1971-10-29	1973-11-26
4701	188	111	1971-10-29	1982-10-06
4702	189	111	\N	2019-01-25
4703	191	111	\N	1982-07-30
4704	192	111	\N	2005-04-06
4705	2	112	\N	2000-06-01
4706	3	112	\N	2007-01-22
4707	4	112	\N	2004-02-25
4708	7	112	1961-10-26	1991-12-02
4709	8	112	\N	2002-10-31
4710	9	112	\N	1992-06-30
4711	10	112	1961-10-26	1973-03-09
4712	11	112	\N	2005-07-08
4713	13	112	\N	2005-10-18
4714	15	112	\N	1983-06-18
4715	16	112	\N	2003-02-27
4716	17	112	1961-10-26	1999-07-02
4717	18	112	\N	2018-11-09
4718	21	112	\N	1993-08-24
4719	22	112	1961-10-26	2009-02-19
4720	24	112	1961-10-26	1965-06-29
4721	26	112	\N	1995-05-31
4722	27	112	\N	1987-10-14
4723	30	112	\N	1997-04-03
4724	31	112	1961-10-26	\N
4725	33	112	\N	1998-03-04
4726	36	112	1961-10-26	1974-06-05
4727	38	112	\N	1976-06-17
4728	40	112	\N	1962-06-29
4729	41	112	\N	1971-06-09
4730	42	112	\N	2000-01-20
4731	44	112	\N	2009-03-17
4732	45	112	\N	1993-09-30
4733	47	112	1961-10-26	1965-06-23
4734	49	112	\N	1999-08-09
4735	50	112	\N	1986-10-27
4736	51	112	1962-06-26	1963-12-19
4737	53	112	\N	1979-03-29
4738	56	112	\N	2000-01-28
4739	59	112	\N	1972-01-11
4740	60	112	1962-06-21	1983-07-21
4741	61	112	1961-10-26	1987-04-03
4742	64	112	\N	2004-05-14
4743	65	112	1961-10-26	1966-07-21
4744	67	112	\N	1992-10-06
4745	69	112	\N	1976-10-14
4746	74	112	1961-10-26	\N
4747	75	112	\N	1989-11-16
4748	76	112	\N	1994-11-10
4749	77	112	1961-10-26	1994-03-15
4750	78	112	1961-10-26	\N
4751	82	112	1962-06-30	1979-06-19
4752	83	112	1962-02-07	2002-09-30
4753	84	112	1961-10-26	1975-01-08
4754	85	112	\N	1993-10-27
4755	86	112	\N	1989-07-26
4756	88	112	\N	2012-03-30
4757	92	112	\N	2003-05-13
4758	94	112	\N	1999-05-20
4759	95	112	1962-06-26	1997-05-12
4760	96	112	\N	1989-10-26
4761	97	112	\N	2005-09-16
4762	99	112	\N	1999-07-12
4763	100	112	\N	1999-04-22
4764	101	112	\N	1975-11-25
4765	111	112	1961-10-26	1964-02-17
4766	114	112	1962-06-22	1985-09-06
4767	116	112	\N	2006-10-23
4768	123	112	\N	1993-07-07
4769	125	112	\N	2000-05-10
4770	126	112	\N	1963-04-05
4771	127	112	\N	1993-07-29
4772	129	112	\N	1997-12-02
4773	130	112	\N	1978-04-10
4774	135	112	\N	1983-06-02
4775	137	112	1962-06-30	1969-11-26
4776	138	112	\N	1985-05-07
4777	139	112	\N	1984-06-25
4778	140	112	\N	1997-03-13
4779	141	112	\N	2002-04-17
4780	142	112	\N	2017-06-23
4781	163	112	\N	2008-12-18
4782	113	112	\N	1995-09-05
4783	143	112	\N	1998-07-22
4784	144	112	\N	2003-02-26
4785	147	112	\N	1996-05-17
4786	154	112	1961-10-26	2003-03-10
4787	158	112	\N	1993-05-28
4788	159	112	\N	1996-07-09
4789	165	112	1961-10-26	1991-08-14
4790	169	112	1961-10-26	1962-07-13
4791	170	112	\N	1993-06-24
4792	171	112	\N	2006-02-13
4793	172	112	\N	2008-02-19
4794	176	112	\N	2003-03-10
4795	178	112	\N	2019-12-09
4796	180	112	\N	2004-01-08
4797	181	112	\N	2020-08-31
4798	184	112	\N	2002-03-12
4799	185	112	\N	2004-10-14
4800	186	112	1961-10-26	1963-10-30
4801	188	112	\N	1977-04-04
4802	191	112	\N	1995-10-30
4803	192	112	\N	2006-12-01
4804	1	113	\N	2017-02-14
4805	162	113	\N	2015-11-13
4806	162	113	\N	2015-11-13
4807	8	113	\N	2013-06-17
4808	9	113	2007-03-26	2008-12-16
4809	10	113	2006-03-28	\N
4810	16	113	\N	2014-02-13
4811	17	113	2006-03-28	2013-06-07
4812	19	113	\N	2012-06-06
4813	22	113	2006-03-28	\N
4814	26	113	\N	2008-01-21
4815	27	113	2006-03-28	\N
4816	32	113	2007-02-27	\N
4817	33	113	\N	2019-03-17
4818	34	113	2006-03-28	\N
4819	37	113	2007-01-29	\N
4820	40	113	2006-03-28	\N
4821	41	113	2006-03-28	\N
4822	42	113	2006-03-28	2011-01-13
4823	45	113	2006-03-28	\N
4824	163	113	2006-03-28	2016-06-13
4825	46	113	2006-03-28	\N
4826	47	113	2006-03-28	2008-06-24
4827	50	113	2006-03-28	\N
4828	56	113	2006-03-28	2009-05-14
4829	60	113	2006-10-03	2019-05-07
4830	61	113	2006-03-28	2009-08-28
4831	65	113	\N	2013-06-20
4832	66	113	2006-03-28	\N
4833	70	113	2006-03-28	\N
4834	73	113	2006-03-28	\N
4835	76	113	2006-09-26	\N
4836	77	113	2007-01-31	2012-09-14
4837	81	113	\N	2014-08-29
4838	82	113	\N	2015-12-21
4839	84	113	2006-03-28	2010-06-21
4840	86	113	\N	2016-03-11
4841	88	113	\N	2012-06-05
4842	89	113	2006-03-28	\N
4843	92	113	2006-03-28	2008-09-12
4844	94	113	2006-03-28	2008-09-09
4845	95	113	2006-12-05	\N
4846	99	113	\N	2009-12-03
4847	100	113	2006-03-28	2013-05-14
4848	101	113	2006-03-29	2013-09-03
4849	102	113	2006-03-28	\N
4850	106	113	2006-07-26	2009-09-01
4851	109	113	2007-01-31	\N
4852	111	113	2006-03-28	\N
4853	115	113	\N	2010-12-03
4854	123	113	\N	2009-10-02
4855	124	113	2006-09-26	2012-09-10
4856	129	113	2006-03-28	2010-07-06
4857	136	113	2006-03-28	\N
4858	138	113	\N	2018-09-27
4859	140	113	\N	2009-04-02
4860	141	113	2006-03-28	\N
4861	163	113	\N	2016-04-01
4862	113	113	2006-03-28	2008-12-16
4863	143	113	2006-03-28	2008-03-25
4864	144	113	2007-03-26	2009-09-18
4865	153	113	2006-03-28	\N
4866	154	113	\N	2010-08-19
4867	157	113	2006-05-18	2007-03-26
4868	158	113	\N	2010-02-16
4869	165	113	2006-03-28	2009-02-18
4870	169	113	\N	2011-09-16
4871	170	113	2006-03-28	2007-07-06
4872	172	113	2006-03-28	2014-09-26
4873	176	113	2006-03-28	\N
4874	178	113	\N	2019-10-04
4875	180	113	2006-03-28	\N
4876	184	113	2006-03-28	2010-02-24
4877	186	113	2006-03-28	2012-03-21
4878	187	113	2006-03-28	2008-10-01
4879	188	113	2006-03-28	2020-01-29
4880	189	113	2006-03-28	\N
4881	9	114	\N	1997-10-21
4882	10	114	1994-10-28	\N
4883	13	114	\N	2006-12-18
4884	16	114	1994-10-28	\N
4885	17	114	1994-10-28	2004-06-28
4886	22	114	1994-10-28	2006-09-22
4887	27	114	\N	1997-05-09
4888	36	114	\N	2011-05-05
4889	37	114	1994-10-28	\N
4890	38	114	\N	2012-01-13
4891	41	114	1995-10-18	2008-07-17
4892	29	114	1994-10-28	\N
4893	42	114	\N	2006-04-04
4894	43	114	1994-10-28	\N
4895	44	114	1995-10-27	1997-01-17
4896	45	114	1994-10-28	1996-04-03
4897	47	114	1994-10-28	1997-10-28
4898	50	114	1994-10-28	2011-09-13
4899	52	114	\N	1999-07-07
4900	53	114	\N	2008-08-14
4901	56	114	\N	2002-10-07
4902	57	114	1994-10-28	\N
4903	60	114	1995-07-27	\N
4904	61	114	1995-04-12	2006-09-15
4905	62	114	1995-10-17	\N
4906	65	114	1994-11-07	2004-07-16
4907	67	114	1994-11-14	\N
4908	69	114	\N	2016-09-12
4909	70	114	\N	1996-08-05
4910	75	114	\N	2008-01-22
4911	76	114	1994-10-28	1998-08-26
4912	79	114	1994-10-28	1997-06-05
4913	82	114	\N	1999-07-13
4914	83	114	1994-10-28	\N
4915	84	114	1994-10-28	2011-01-26
4916	86	114	\N	1997-01-01
4917	88	114	\N	2002-08-07
4918	89	114	1994-10-28	\N
4919	92	114	\N	2002-05-15
4920	94	114	1994-10-28	1999-09-28
4921	99	114	1995-03-08	1997-12-17
4922	100	114	1994-10-28	1998-01-27
4923	101	114	1994-10-28	2012-05-11
4924	107	114	1994-10-28	\N
4925	111	114	1994-10-28	\N
4926	114	114	1994-10-28	1996-06-27
4927	116	114	\N	2006-12-04
4928	117	114	1995-10-05	2009-04-06
4929	123	114	1995-10-23	1996-09-19
4930	125	114	\N	2009-06-22
4931	131	114	\N	2007-07-16
4932	135	114	\N	2012-06-07
4933	138	114	\N	2009-08-06
4934	140	114	1995-05-10	\N
4935	141	114	1994-10-28	\N
4936	163	114	\N	2002-11-25
4937	113	114	1994-10-28	1995-12-19
4938	143	114	\N	1998-04-28
4939	144	114	1994-10-28	1998-02-11
4940	153	114	1994-11-18	\N
4941	154	114	\N	1998-06-15
4942	158	114	1994-10-28	1997-04-09
4943	159	114	1994-10-28	2002-02-26
4944	162	114	1994-10-28	\N
4945	165	114	1995-03-29	1998-12-17
4946	166	114	\N	1996-03-06
4947	169	114	1995-09-26	\N
4948	170	114	1994-10-28	1997-02-01
4949	176	114	1994-10-28	\N
4950	178	114	1994-10-28	1998-01-16
4951	180	114	1994-10-28	2004-10-01
4952	184	114	1994-10-28	1996-01-30
4953	186	114	1994-10-28	1996-05-01
4954	187	114	1994-10-28	2000-05-12
4955	188	114	1994-10-28	\N
4956	189	114	\N	1998-06-04
4957	22	115	\N	2007-03-08
4958	37	115	1990-05-01	\N
4959	52	115	1989-12-05	1990-07-26
4960	66	115	1989-05-26	\N
4961	69	115	1989-05-31	\N
4962	78	115	1990-05-25	\N
4963	97	115	1989-05-26	\N
4964	147	115	\N	2000-12-18
4965	154	115	1989-05-26	\N
4966	194	115	1989-05-26	\N
4967	1	116	\N	2020-11-09
4968	2	116	\N	2005-05-06
4969	3	116	\N	2013-10-31
4970	7	116	1997-09-18	1999-11-19
4971	8	116	\N	2004-12-06
4972	9	116	\N	2007-04-26
4973	10	116	1997-12-30	2009-12-14
4974	11	116	\N	2006-01-11
4975	13	116	\N	2005-09-15
4976	15	116	\N	2019-09-13
4977	16	116	1997-12-08	1998-07-15
4978	17	116	1997-02-19	2006-05-30
4979	18	116	\N	2018-11-09
4980	19	116	\N	2006-01-16
4981	21	116	1996-12-20	\N
4982	22	116	\N	2009-08-25
4983	23	116	\N	2004-10-27
4984	25	116	\N	2017-02-02
4985	26	116	\N	2001-03-29
4986	27	116	1996-12-20	1999-07-19
4987	28	116	\N	2016-01-12
4988	30	116	\N	2019-02-22
4989	33	116	1997-12-22	2014-05-13
4990	36	116	1996-12-20	2001-04-11
4991	37	116	\N	2007-03-09
4992	38	116	1997-10-22	2000-11-29
4993	39	116	\N	2021-01-25
4994	196	116	\N	2019-03-19
4995	41	116	1997-12-02	2000-05-23
4996	42	116	1997-12-15	2000-07-03
4997	44	116	\N	2003-08-04
4998	45	116	\N	2001-10-10
4999	47	116	1997-10-28	2009-12-14
5000	50	116	\N	2005-10-10
5001	51	116	1997-12-31	2000-06-21
5002	53	116	\N	1998-10-20
5003	56	116	1997-12-29	2009-12-14
5004	60	116	1997-05-09	2009-12-14
5005	61	116	1997-10-09	2009-12-14
5006	62	116	\N	2001-12-06
5007	64	116	\N	2001-07-04
5008	65	116	1996-12-20	2009-12-14
5009	66	116	1997-05-23	2006-08-18
5010	67	116	1997-01-13	2009-12-14
5011	69	116	\N	2002-11-04
5012	70	116	\N	2002-02-25
5013	75	116	\N	2002-02-20
5014	76	116	1997-01-29	1998-11-27
5015	78	116	\N	2018-09-25
5016	79	116	1996-12-20	1997-06-05
5017	82	116	1997-12-19	2009-12-14
5018	83	116	1997-03-25	\N
5019	84	116	1996-12-20	2009-12-14
5020	85	116	\N	2002-03-12
5021	86	116	\N	2000-06-06
5022	87	116	\N	2004-01-27
5023	88	116	1997-02-28	2004-08-12
5024	89	116	1996-12-20	\N
5025	90	116	\N	2021-03-22
5026	92	116	1997-09-19	1998-09-10
5027	94	116	\N	2000-03-22
5028	99	116	\N	2007-01-30
5029	100	116	\N	2001-06-18
5030	101	116	1997-02-18	2009-12-14
5031	102	116	\N	2014-11-24
5032	104	116	\N	2012-09-27
5033	106	116	\N	2002-01-24
5034	107	116	\N	2009-12-14
5035	111	116	1997-12-18	2000-05-18
5036	114	116	1997-01-14	\N
5037	115	116	1996-12-20	2002-07-25
5038	116	116	\N	2006-12-04
5039	117	116	\N	2011-04-20
5040	120	116	1996-12-20	\N
5041	121	116	\N	2020-05-11
5042	123	116	1997-12-02	2009-12-14
5043	124	116	\N	2018-12-17
5044	125	116	\N	2002-12-06
5045	127	116	1997-03-24	2017-10-04
5046	129	116	\N	2003-11-04
5047	131	116	\N	2005-06-20
5048	135	116	1997-12-31	1999-03-17
5049	137	116	\N	2000-11-29
5050	138	116	\N	2001-07-30
5051	139	116	\N	2002-07-04
5052	140	116	\N	2003-12-23
5053	141	116	1997-12-31	2009-12-14
5054	142	116	\N	2005-07-28
5055	163	116	\N	2004-03-24
5056	113	116	1997-09-19	1998-03-13
5057	143	116	1997-12-31	2001-02-01
5058	144	116	\N	2008-11-05
5059	147	116	\N	1999-11-24
5060	150	116	\N	2020-06-02
5061	151	116	\N	2020-01-27
5062	153	116	1997-12-17	2002-02-18
5063	154	116	\N	2003-03-13
5064	157	116	\N	2005-01-17
5065	158	116	1997-12-29	2000-01-14
5066	159	116	1997-12-12	1999-11-19
5067	162	116	1997-12-12	\N
5068	165	116	1996-12-20	2009-12-14
5069	169	116	1997-10-31	2009-12-14
5070	170	116	1997-12-29	2008-03-31
5071	172	116	\N	2009-01-05
5072	176	116	1996-12-20	2003-02-21
5073	178	116	\N	2008-08-28
5074	180	116	\N	2008-08-28
5075	184	116	\N	2001-11-29
5076	185	116	\N	2004-04-14
5077	186	116	1997-02-13	2009-12-14
5078	187	116	1997-04-12	1999-09-14
5079	188	116	1997-01-08	2009-03-05
5080	189	116	\N	2019-04-17
5081	190	116	\N	2020-05-06
5082	191	116	1996-12-20	\N
5083	1	117	\N	2020-11-09
5084	2	117	\N	2001-05-17
5085	3	117	\N	2013-10-31
5086	7	117	1997-09-18	1999-11-19
5087	8	117	\N	2004-12-06
5088	9	117	\N	2007-04-26
5089	10	117	1997-12-30	2009-12-14
5090	11	117	\N	2006-01-11
5091	13	117	\N	2005-09-15
5092	15	117	\N	2019-09-13
5093	16	117	1997-12-08	1998-07-15
5094	17	117	1997-02-19	2006-05-30
5095	18	117	\N	2018-11-09
5096	19	117	\N	2006-01-16
5097	21	117	1996-12-20	\N
5098	22	117	\N	2009-08-25
5099	23	117	\N	2004-10-27
5100	25	117	\N	2017-02-02
5101	26	117	\N	2001-03-29
5102	27	117	1996-12-20	1999-07-19
5103	30	117	\N	2019-02-22
5104	33	117	1997-12-22	2014-05-13
5105	36	117	1996-12-20	2001-04-11
5106	37	117	\N	2007-03-09
5107	38	117	1997-10-22	2000-11-29
5108	39	117	\N	2021-01-25
5109	196	117	\N	2019-03-19
5110	41	117	1997-12-02	2000-05-23
5111	42	117	1997-12-15	2000-07-03
5112	44	117	\N	2005-09-02
5113	45	117	\N	2001-10-10
5114	47	117	1997-10-28	2009-12-14
5115	50	117	\N	2005-10-10
5116	51	117	1997-12-31	2000-06-21
5117	53	117	\N	1998-10-20
5118	56	117	1997-12-29	2009-12-14
5119	60	117	1997-05-09	2009-12-14
5120	61	117	1997-10-09	2009-12-14
5121	62	117	\N	2001-12-06
5122	64	117	\N	2001-07-04
5123	65	117	1996-12-20	2009-12-14
5124	66	117	1997-05-23	2012-11-16
5125	67	117	1997-01-13	2009-12-14
5126	69	117	\N	2002-10-08
5127	70	117	\N	2002-02-25
5128	75	117	\N	2002-02-20
5129	76	117	1997-01-29	1998-11-27
5130	78	117	\N	2018-09-25
5131	79	117	1996-12-20	2004-11-15
5132	82	117	1997-12-19	2009-12-14
5133	83	117	1997-03-25	\N
5134	84	117	1996-12-20	2009-12-14
5135	85	117	\N	2002-03-12
5136	86	117	\N	2002-07-09
5137	87	117	\N	2004-02-24
5138	88	117	1997-02-28	2004-08-12
5139	89	117	1996-12-20	\N
5140	90	117	\N	2021-03-22
5141	92	117	\N	2002-05-15
5142	94	117	\N	2000-03-22
5143	99	117	\N	2007-01-30
5144	100	117	\N	2001-01-26
5145	101	117	1997-02-18	2009-12-14
5146	102	117	\N	2014-11-24
5147	104	117	\N	2012-09-27
5148	106	117	\N	2001-10-22
5149	107	117	\N	2009-12-14
5150	111	117	1997-12-18	1999-11-17
5151	114	117	1997-01-14	\N
5152	115	117	1996-12-20	2002-07-25
5153	116	117	\N	2006-12-04
5154	117	117	\N	2011-04-20
5155	120	117	1996-12-20	\N
5156	123	117	1997-12-02	2009-12-14
5157	124	117	\N	2018-12-17
5158	125	117	\N	2002-12-06
5159	127	117	1997-03-24	2017-10-04
5160	129	117	\N	2004-12-20
5161	131	117	\N	2005-06-20
5162	135	117	1997-12-31	1999-03-17
5163	137	117	\N	2000-11-29
5164	138	117	\N	2002-04-18
5165	139	117	\N	2002-07-04
5166	140	117	\N	2003-07-21
5167	141	117	1997-12-31	2009-12-14
5168	142	117	\N	2005-07-28
5169	163	117	\N	2008-12-18
5170	113	117	1997-09-19	1998-03-13
5171	143	117	1997-12-31	2001-02-01
5172	144	117	\N	2008-11-05
5173	147	117	\N	1999-11-24
5174	148	117	\N	2010-11-12
5175	150	117	\N	2020-06-02
5176	151	117	\N	2020-01-27
5177	153	117	1997-12-17	2002-02-18
5178	154	117	\N	2003-03-13
5179	157	117	\N	2005-01-17
5180	158	117	1997-12-29	2000-01-14
5181	159	117	1997-12-12	1999-11-19
5182	162	117	1997-12-12	\N
5183	165	117	1996-12-20	2009-12-14
5184	169	117	1997-10-31	2009-12-14
5185	170	117	1997-12-29	2008-03-31
5186	172	117	\N	2011-05-24
5187	176	117	1996-12-20	2003-02-21
5188	178	117	\N	2008-08-28
5189	180	117	\N	2008-08-28
5190	184	117	\N	2001-11-29
5191	185	117	\N	2005-03-09
5192	186	117	1997-02-13	2009-12-14
5193	187	117	1997-04-12	1999-09-14
5194	188	117	1997-01-08	2008-05-28
5195	189	117	\N	2019-04-17
5196	190	117	\N	2020-05-06
5197	191	117	1996-12-20	\N
\.


--
-- Name: participation_id_seq; Type: SEQUENCE SET; Schema: public; Owner: -
--

SELECT pg_catalog.setval('public.participation_id_seq', 5197, true);


--
-- Data for Name: status; Type: TABLE DATA; Schema: public; Owner: -
--

COPY public.status (id, country_id, treaty_id, status) FROM stdin;
1	2	1	t
2	7	1	t
3	8	1	t
4	10	1	t
5	16	1	t
6	17	1	t
7	22	1	t
8	42	1	t
9	44	1	t
10	45	1	t
11	47	1	t
12	52	1	t
13	60	1	t
14	61	1	t
15	65	1	t
16	74	1	t
17	76	1	t
18	77	1	t
19	83	1	t
20	84	1	t
21	86	1	t
22	88	1	t
23	92	1	t
24	94	1	t
25	95	1	t
26	100	1	t
27	101	1	t
28	115	1	t
29	116	1	t
30	117	1	t
31	123	1	t
32	130	1	t
33	140	1	t
34	141	1	t
35	113	1	t
36	129	1	t
37	143	1	t
38	144	1	t
39	154	1	t
40	158	1	t
41	159	1	t
42	165	1	t
43	168	1	t
44	169	1	t
45	170	1	t
46	180	1	t
47	184	1	t
48	189	1	t
49	47	2	t
50	60	2	t
51	61	2	t
52	84	2	t
53	101	2	f
54	123	2	f
55	126	2	t
56	130	2	t
57	165	2	f
58	169	2	t
59	170	2	t
60	67	3	f
61	84	3	f
62	10	4	f
63	17	4	f
64	65	4	f
65	67	4	f
66	17	5	f
67	61	5	f
68	101	5	f
69	123	5	f
70	165	5	f
71	17	6	f
72	61	6	f
73	101	6	f
74	123	6	f
75	165	6	f
76	10	7	t
77	17	7	t
78	61	7	t
79	65	7	t
80	67	7	f
81	84	7	t
82	86	7	t
83	99	7	t
84	101	7	t
85	123	7	t
86	130	7	f
87	141	7	t
88	165	7	t
89	170	7	t
90	180	7	t
91	10	8	t
92	17	8	t
93	45	8	t
94	47	8	t
95	60	8	t
96	61	8	t
97	65	8	t
98	67	8	f
99	76	8	t
100	84	8	t
101	99	8	t
102	101	8	f
103	123	8	t
104	130	8	t
105	141	8	t
106	158	8	t
107	165	8	t
108	168	8	t
109	169	8	t
110	170	8	t
111	180	8	t
112	10	9	t
113	61	9	t
114	65	9	t
115	84	9	t
116	94	9	t
117	100	9	t
118	101	9	t
119	123	9	t
120	140	9	t
121	141	9	t
122	165	9	t
123	170	9	t
124	180	9	t
125	2	10	t
126	6	10	t
127	8	10	t
128	9	10	t
129	10	10	t
130	17	10	t
131	22	10	t
132	23	10	t
133	25	10	t
134	42	10	t
135	47	10	t
136	56	10	t
137	57	10	t
138	59	10	t
139	60	10	t
140	61	10	t
141	65	10	t
142	67	10	t
143	68	10	t
144	82	10	t
145	83	10	t
146	84	10	f
147	86	10	t
148	96	10	t
149	101	10	t
150	110	10	t
151	116	10	t
152	123	10	t
153	130	10	t
154	140	10	t
155	141	10	f
156	113	10	t
157	129	10	t
158	154	10	t
159	159	10	t
160	162	10	t
161	165	10	t
162	169	10	t
163	170	10	t
164	177	10	t
165	180	10	t
166	184	10	t
167	186	10	t
168	2	11	t
169	4	11	t
170	6	11	t
171	7	11	t
172	8	11	t
173	9	11	t
174	10	11	t
175	11	11	t
176	12	11	t
177	13	11	t
178	15	11	t
179	16	11	t
180	17	11	t
181	18	11	t
182	21	11	t
183	22	11	t
184	23	11	t
185	24	11	t
186	25	11	t
187	26	11	t
188	28	11	t
189	30	11	t
190	36	11	t
191	38	11	t
192	196	11	t
193	41	11	t
194	42	11	t
195	44	11	t
196	45	11	t
197	47	11	t
198	50	11	t
199	50	11	t
200	50	11	t
201	51	11	t
202	53	11	t
203	56	11	t
204	57	11	t
205	59	11	t
206	60	11	t
207	61	11	t
208	64	11	t
209	65	11	t
210	67	11	t
211	68	11	t
212	69	11	t
213	72	11	t
214	75	11	t
215	76	11	t
216	77	11	t
217	78	11	t
218	82	11	t
219	83	11	t
220	84	11	t
221	85	11	t
222	86	11	t
223	88	11	t
224	163	11	t
225	92	11	t
226	94	11	t
227	96	11	t
228	97	11	t
229	99	11	t
230	100	11	t
231	101	11	t
232	103	11	t
233	107	11	t
234	108	11	t
235	110	11	t
236	111	11	t
237	114	11	t
238	115	11	t
239	116	11	t
240	117	11	t
241	120	11	t
242	123	11	t
243	124	11	t
244	125	11	t
245	197	11	t
246	130	11	t
247	143	11	t
248	143	11	t
249	133	11	t
250	135	11	t
251	137	11	t
252	138	11	t
253	139	11	t
254	140	11	t
255	141	11	t
256	113	11	t
257	129	11	t
258	143	11	t
259	144	11	t
260	146	11	t
261	147	11	t
262	148	11	t
263	149	11	t
264	150	11	t
265	151	11	t
266	154	11	t
267	155	11	t
268	157	11	t
269	158	11	t
270	159	11	t
271	162	11	t
272	165	11	t
273	168	11	t
274	169	11	t
275	170	11	t
276	172	11	t
277	177	11	t
278	178	11	t
279	179	11	t
280	180	11	t
281	184	11	t
282	186	11	t
283	187	11	t
284	188	11	t
285	189	11	t
286	190	11	t
287	191	11	t
288	10	12	f
289	170	12	f
290	186	12	f
291	2	13	t
292	4	13	t
293	6	13	t
294	7	13	t
295	8	13	t
296	9	13	t
297	10	13	t
298	12	13	t
299	15	13	t
300	16	13	t
301	17	13	t
302	18	13	t
303	22	13	t
304	23	13	t
305	24	13	t
306	26	13	t
307	33	13	t
308	37	13	t
309	38	13	t
310	41	13	t
311	42	13	t
312	44	13	t
313	45	13	t
314	47	13	t
315	52	13	t
316	56	13	t
317	60	13	t
318	61	13	t
319	64	13	t
320	65	13	t
321	67	13	t
322	76	13	t
323	77	13	t
324	78	13	t
325	82	13	t
326	83	13	t
327	84	13	t
328	86	13	t
329	88	13	t
330	163	13	t
331	91	13	t
332	94	13	t
333	100	13	t
334	101	13	t
335	103	13	t
336	107	13	t
337	108	13	t
338	111	13	t
339	114	13	t
340	116	13	t
341	117	13	t
342	123	13	t
343	125	13	t
344	130	13	t
345	132	13	t
346	139	13	t
347	140	13	t
348	141	13	t
349	113	13	t
350	129	13	t
351	143	13	t
352	144	13	t
353	148	13	t
354	150	13	t
355	154	13	t
356	155	13	t
357	158	13	t
358	159	13	t
359	165	13	t
360	166	13	t
361	169	13	t
362	170	13	t
363	179	13	t
364	180	13	t
365	184	13	t
366	186	13	t
367	187	13	t
368	191	13	t
369	192	13	t
370	83	14	f
371	2	15	t
372	44	15	t
373	91	15	t
374	123	15	t
375	141	15	t
376	44	16	t
377	91	16	t
378	123	16	t
379	141	16	t
380	2	17	t
381	9	17	t
382	44	17	t
383	45	17	t
384	47	17	t
385	52	17	t
386	56	17	t
387	60	17	t
388	84	17	t
389	101	17	t
390	123	17	t
391	130	17	t
392	140	17	t
393	141	17	t
394	113	17	t
395	158	17	t
396	169	17	t
397	170	17	t
398	186	17	t
399	10	18	t
400	16	18	t
401	17	18	t
402	22	18	t
403	42	18	t
404	45	18	t
405	61	18	t
406	94	18	t
407	100	18	t
408	101	18	t
409	116	18	t
410	117	18	t
411	123	18	t
412	140	18	t
413	141	18	f
414	129	18	t
415	154	18	t
416	158	18	t
417	159	18	t
418	165	18	t
419	170	18	t
420	184	18	t
421	4	19	t
422	7	19	t
423	8	19	t
424	9	19	t
425	15	19	t
426	16	19	t
427	22	19	t
428	24	19	t
429	26	19	t
430	37	19	t
431	38	19	t
432	41	19	t
433	42	19	t
434	44	19	t
435	45	19	t
436	47	19	t
437	56	19	t
438	60	19	t
439	61	19	t
440	64	19	t
441	65	19	t
442	67	19	t
443	76	19	t
444	77	19	t
445	78	19	t
446	83	19	t
447	84	19	t
448	88	19	t
449	163	19	t
450	91	19	t
451	94	19	t
452	99	19	t
453	100	19	t
454	101	19	t
455	107	19	t
456	111	19	t
457	114	19	t
458	116	19	t
459	117	19	t
460	123	19	t
461	125	19	t
462	130	19	t
463	140	19	t
464	141	19	t
465	129	19	t
466	143	19	t
467	144	19	t
468	154	19	t
469	155	19	t
470	157	19	t
471	158	19	t
472	159	19	t
473	162	19	t
474	165	19	t
475	166	19	t
476	169	19	t
477	170	19	t
478	180	19	t
479	184	19	t
480	186	19	t
481	187	19	t
482	191	19	t
483	192	19	t
484	84	20	f
485	101	20	f
486	123	20	f
487	141	20	t
488	158	20	t
489	180	20	f
490	186	20	f
491	17	21	f
492	42	21	t
493	60	21	t
494	61	21	t
495	84	21	f
496	101	21	t
497	116	21	t
498	123	21	t
499	130	21	t
500	141	21	f
501	129	21	t
502	154	21	t
503	159	21	t
504	165	21	t
505	2	22	t
506	4	22	t
507	9	22	t
508	17	22	f
509	45	22	t
510	47	22	t
511	56	22	t
512	60	22	t
513	61	22	t
514	65	22	t
515	67	22	t
516	84	22	t
517	100	22	t
518	101	22	t
519	123	22	t
520	130	22	t
521	140	22	t
522	141	22	t
523	158	22	t
524	165	22	t
525	169	22	t
526	170	22	t
527	180	22	t
528	184	22	t
529	186	22	t
530	2	23	t
531	17	23	f
532	56	23	t
533	61	23	t
534	65	23	t
535	67	23	t
536	84	23	t
537	86	23	t
538	100	23	t
539	101	23	t
540	123	23	t
541	140	23	t
542	141	23	t
543	165	23	t
544	170	23	t
545	180	23	t
546	10	24	f
547	61	24	t
548	101	24	t
549	123	24	t
550	141	24	f
551	9	25	t
552	52	25	f
553	60	25	f
554	101	25	t
555	123	25	t
556	141	25	f
557	7	26	t
558	61	26	t
559	123	26	t
560	141	26	t
561	2	27	t
562	4	27	t
563	7	27	t
564	8	27	t
565	9	27	t
566	10	27	t
567	12	27	t
568	15	27	t
569	16	27	t
570	17	27	t
571	18	27	t
572	21	27	t
573	22	27	t
574	24	27	t
575	26	27	t
576	27	27	t
577	33	27	t
578	36	27	t
579	38	27	t
580	41	27	t
581	42	27	t
582	43	27	t
583	44	27	t
584	45	27	t
585	47	27	t
586	50	27	t
587	51	27	t
588	53	27	t
589	56	27	t
590	59	27	t
591	60	27	t
592	61	27	t
593	62	27	t
594	64	27	t
595	65	27	t
596	67	27	t
597	69	27	t
598	70	27	t
599	72	27	t
600	75	27	t
601	76	27	t
602	77	27	t
603	81	27	t
604	82	27	t
605	83	27	t
606	84	27	t
607	85	27	t
608	86	27	t
609	88	27	t
610	163	27	t
611	94	27	t
612	96	27	t
613	100	27	t
614	101	27	t
615	107	27	t
616	110	27	t
617	111	27	t
618	114	27	t
619	116	27	t
620	117	27	t
621	123	27	t
622	124	27	t
623	125	27	t
624	130	27	t
625	132	27	t
626	135	27	t
627	137	27	t
628	138	27	t
629	139	27	t
630	140	27	t
631	141	27	t
632	113	27	t
633	129	27	t
634	143	27	t
635	144	27	t
636	146	27	t
637	150	27	t
638	154	27	t
639	155	27	t
640	157	27	t
641	158	27	t
642	159	27	t
643	162	27	t
644	165	27	t
645	166	27	t
646	169	27	t
647	170	27	t
648	174	27	t
649	178	27	t
650	179	27	t
651	180	27	t
652	181	27	t
653	184	27	t
654	186	27	t
655	187	27	t
656	188	27	t
657	189	27	t
658	191	27	t
659	194	27	t
660	195	27	t
661	2	28	f
662	16	28	f
663	22	28	f
664	24	28	f
665	26	28	f
666	41	28	f
667	42	28	f
668	44	28	f
669	45	28	f
670	56	28	f
671	60	28	f
672	61	28	f
673	65	28	f
674	67	28	f
675	84	28	f
676	88	28	f
677	94	28	f
678	100	28	f
679	101	28	f
680	107	28	f
681	116	28	f
682	117	28	f
683	123	28	f
684	140	28	f
685	129	28	f
686	143	28	f
687	154	28	f
688	158	28	f
689	159	28	f
690	165	28	f
691	169	28	f
692	170	28	f
693	180	28	f
694	9	29	t
695	33	29	t
696	44	29	t
697	61	29	f
698	84	29	t
699	99	29	t
700	101	29	t
701	107	29	t
702	114	29	t
703	123	29	t
704	135	29	t
705	150	29	t
706	170	29	t
707	186	29	t
708	187	29	f
709	7	30	f
710	45	30	f
711	123	30	f
712	113	30	f
713	158	30	f
714	7	31	f
715	101	31	f
716	123	31	f
717	170	31	f
718	2	32	t
719	4	32	t
720	8	32	t
721	9	32	t
722	10	32	t
723	11	32	t
724	16	32	t
725	17	32	t
726	18	32	t
727	19	32	t
728	21	32	t
729	24	32	t
730	26	32	t
731	27	32	t
732	28	32	t
733	30	32	t
734	31	32	t
735	33	32	t
736	36	32	t
737	37	32	t
738	38	32	t
739	40	32	t
740	41	32	t
741	29	32	t
742	42	32	t
743	43	32	t
744	44	32	t
745	45	32	t
746	47	32	t
747	50	32	t
748	51	32	t
749	53	32	t
750	56	32	t
751	57	32	t
752	59	32	t
753	60	32	t
754	61	32	t
755	64	32	t
756	65	32	t
757	66	32	t
758	67	32	t
759	69	32	t
760	70	32	t
761	72	32	t
762	73	32	t
763	75	32	t
764	76	32	t
765	77	32	t
766	78	32	t
767	82	32	t
768	83	32	t
769	84	32	t
770	88	32	t
771	89	32	t
772	163	32	f
773	92	32	t
774	94	32	t
775	96	32	t
776	99	32	t
777	100	32	t
778	101	32	t
779	102	32	t
780	106	32	t
781	107	32	t
782	110	32	t
783	111	32	t
784	114	32	t
785	115	32	t
786	116	32	t
787	120	32	t
788	122	32	f
789	123	32	t
790	124	32	t
791	126	32	t
792	130	32	t
793	135	32	t
794	137	32	t
795	138	32	t
796	139	32	t
797	141	32	t
798	113	32	t
799	129	32	t
800	143	32	t
801	144	32	f
802	145	32	t
803	146	32	t
804	150	32	t
805	153	32	t
806	154	32	t
807	155	32	t
808	158	32	t
809	159	32	t
810	162	32	t
811	165	32	t
812	166	32	t
813	169	32	t
814	170	32	t
815	174	32	t
816	176	32	t
817	180	32	t
818	186	32	t
819	187	32	t
820	188	32	t
821	191	32	t
822	192	32	t
823	194	32	t
824	2	33	t
825	7	33	f
826	8	33	t
827	9	33	t
828	10	33	t
829	15	33	t
830	17	33	t
831	26	33	t
832	33	33	f
833	41	33	t
834	42	33	t
835	43	33	t
836	44	33	t
837	45	33	t
838	47	33	t
839	50	33	t
840	51	33	t
841	56	33	t
842	59	33	t
843	60	33	t
844	61	33	t
845	64	33	t
846	65	33	t
847	67	33	t
848	72	33	t
849	75	33	t
850	76	33	t
851	82	33	t
852	84	33	t
853	94	33	t
854	96	33	t
855	100	33	t
856	101	33	t
857	107	33	t
858	114	33	t
859	116	33	t
860	117	33	t
861	123	33	t
862	125	33	t
863	130	33	t
864	137	33	t
865	140	33	t
866	141	33	t
867	129	33	f
868	143	33	t
869	144	33	t
870	154	33	t
871	158	33	t
872	159	33	t
873	165	33	t
874	169	33	t
875	170	33	t
876	180	33	t
877	184	33	t
878	186	33	t
879	187	33	f
880	188	33	t
881	10	34	t
882	17	34	t
883	44	34	t
884	45	34	t
885	56	34	t
886	60	34	t
887	61	34	t
888	65	34	t
889	67	34	f
890	82	34	f
891	84	34	f
892	94	34	t
893	101	34	f
894	114	34	t
895	123	34	f
896	140	34	f
897	141	34	t
898	170	34	t
899	186	34	t
900	110	35	t
901	170	35	t
902	187	35	t
903	10	36	t
904	17	36	t
905	26	36	t
906	37	36	f
907	42	36	t
908	44	36	t
909	45	36	t
910	47	36	t
911	56	36	t
912	60	36	t
913	61	36	t
914	65	36	t
915	67	36	t
916	76	36	t
917	82	36	t
918	83	36	f
919	84	36	t
920	94	36	t
921	100	36	t
922	101	36	t
923	107	36	t
924	111	36	t
925	116	36	t
926	123	36	t
927	140	36	t
928	141	36	t
929	129	36	f
930	143	36	t
931	157	36	t
932	158	36	t
933	159	36	t
934	165	36	t
935	169	36	t
936	184	36	f
937	186	36	t
938	187	36	f
939	2	37	t
940	10	37	t
941	16	37	t
942	17	37	t
943	22	37	t
944	24	37	t
945	26	37	t
946	27	37	f
947	33	37	f
948	42	37	t
949	44	37	t
950	45	37	t
951	56	37	t
952	60	37	t
953	61	37	t
954	65	37	t
955	67	37	t
956	72	37	t
957	75	37	t
958	76	37	t
959	82	37	t
960	84	37	t
961	88	37	t
962	94	37	t
963	100	37	t
964	101	37	t
965	107	37	t
966	116	37	t
967	123	37	t
968	124	37	t
969	125	37	t
970	130	37	t
971	140	37	t
972	141	37	t
973	129	37	f
974	143	37	t
975	154	37	t
976	158	37	t
977	159	37	t
978	165	37	t
979	169	37	t
980	180	37	t
981	184	37	t
982	186	37	t
983	187	37	t
984	10	38	t
985	17	38	t
986	24	38	t
987	26	38	t
988	42	38	t
989	44	38	t
990	45	38	t
991	56	38	t
992	60	38	t
993	61	38	t
994	65	38	t
995	67	38	t
996	76	38	t
997	82	38	t
998	84	38	t
999	88	38	t
1000	94	38	t
1001	100	38	t
1002	101	38	t
1003	107	38	t
1004	123	38	t
1005	140	38	t
1006	141	38	t
1007	129	38	f
1008	143	38	t
1009	154	38	t
1010	158	38	t
1011	159	38	t
1012	165	38	t
1013	169	38	t
1014	184	38	f
1015	83	39	f
1016	184	39	f
1017	188	39	f
1018	7	40	t
1019	16	40	t
1020	17	40	t
1021	19	40	t
1022	22	40	t
1023	24	40	f
1024	26	40	f
1025	28	40	t
1026	41	40	f
1027	29	40	t
1028	43	40	t
1029	45	40	t
1030	50	40	t
1031	52	40	t
1032	66	40	t
1033	70	40	t
1034	76	40	t
1035	97	40	t
1036	111	40	t
1037	115	40	f
1038	116	40	t
1039	125	40	f
1040	130	40	t
1041	137	40	t
1042	140	40	t
1043	113	40	t
1044	143	40	t
1045	144	40	f
1046	154	40	t
1047	158	40	t
1048	159	40	t
1049	183	40	t
1050	184	40	t
1051	187	40	t
1052	188	40	t
1053	194	40	t
1054	7	41	t
1055	17	41	t
1056	45	41	t
1057	52	41	t
1058	70	41	t
1059	76	41	t
1060	97	41	t
1061	111	41	t
1062	116	41	t
1063	140	41	t
1064	143	41	t
1065	158	41	t
1066	159	41	t
1067	183	41	t
1068	187	41	t
1069	188	41	t
1070	194	41	t
1071	2	42	t
1072	7	42	t
1073	8	42	t
1074	9	42	t
1075	10	42	t
1076	11	42	t
1077	13	42	t
1078	16	42	t
1079	17	42	t
1080	19	42	t
1081	22	42	t
1082	24	42	t
1083	26	42	t
1084	28	42	t
1085	32	42	t
1086	33	42	t
1087	36	42	t
1088	37	42	t
1089	38	42	t
1090	40	42	t
1091	41	42	t
1092	42	42	t
1093	43	42	t
1094	44	42	t
1095	45	42	t
1096	163	42	t
1097	47	42	t
1098	50	42	t
1099	51	42	t
1100	52	42	t
1101	53	42	t
1102	56	42	t
1103	59	42	t
1104	60	42	t
1105	61	42	t
1106	62	42	t
1107	64	42	t
1108	65	42	t
1109	66	42	f
1110	67	42	t
1111	69	42	t
1112	70	42	t
1113	72	42	t
1114	75	42	t
1115	76	42	t
1116	77	42	t
1117	81	42	t
1118	83	42	t
1119	84	42	t
1120	86	42	t
1121	92	42	t
1122	93	42	t
1123	94	42	t
1124	95	42	t
1125	96	42	t
1126	97	42	t
1127	99	42	t
1128	100	42	t
1129	101	42	t
1130	102	42	t
1131	109	42	t
1132	111	42	t
1133	115	42	t
1134	116	42	t
1135	123	42	t
1136	124	42	t
1137	129	42	t
1138	130	42	t
1139	137	42	t
1140	138	42	t
1141	140	42	t
1142	141	42	t
1143	163	42	t
1144	113	42	t
1145	143	42	t
1146	144	42	t
1147	150	42	t
1148	154	42	t
1149	157	42	t
1150	158	42	t
1151	159	42	t
1152	165	42	t
1153	148	42	t
1154	134	42	t
1155	169	42	t
1156	170	42	t
1157	171	42	t
1158	180	42	t
1159	183	42	t
1160	184	42	t
1161	187	42	t
1162	188	42	t
1163	189	42	t
1164	191	42	f
1165	192	42	t
1166	194	42	t
1167	33	43	f
1168	62	43	f
1169	70	43	f
1170	75	43	f
1171	97	43	f
1172	111	43	f
1173	144	43	f
1174	187	43	f
1175	16	44	t
1176	51	44	t
1177	53	44	t
1178	62	44	t
1179	91	44	t
1180	97	44	t
1181	135	44	t
1182	179	44	t
1183	187	44	f
1184	11	45	t
1185	13	45	t
1186	19	45	t
1187	32	45	t
1188	34	45	f
1189	37	45	f
1190	38	45	f
1191	40	45	t
1192	50	45	t
1193	59	45	t
1194	75	45	t
1195	80	45	f
1196	90	45	t
1197	95	45	f
1198	102	45	f
1199	115	45	t
1200	116	45	t
1201	135	45	f
1202	137	45	t
1203	139	45	f
1204	163	45	f
1205	144	45	t
1206	152	45	f
1207	153	45	f
1208	156	45	f
1209	157	45	t
1210	166	45	t
1211	1	46	t
1212	2	46	t
1213	3	46	t
1214	4	46	t
1215	5	46	t
1216	6	46	t
1217	7	46	t
1218	8	46	t
1219	9	46	t
1220	10	46	t
1221	11	46	t
1222	12	46	t
1223	13	46	t
1224	14	46	t
1225	15	46	t
1226	16	46	t
1227	17	46	t
1228	18	46	t
1229	19	46	t
1230	20	46	t
1231	21	46	t
1232	22	46	t
1233	23	46	t
1234	24	46	t
1235	25	46	t
1236	26	46	t
1237	27	46	t
1238	28	46	t
1239	30	46	t
1240	31	46	t
1241	32	46	t
1242	33	46	t
1243	34	46	t
1244	36	46	t
1245	37	46	t
1246	38	46	t
1247	39	46	t
1248	196	46	t
1249	41	46	t
1250	29	46	t
1251	42	46	t
1252	43	46	t
1253	44	46	t
1254	45	46	t
1255	46	46	t
1256	47	46	t
1257	48	46	t
1258	49	46	t
1259	50	46	t
1260	51	46	t
1261	52	46	t
1262	53	46	t
1263	56	46	t
1264	58	46	t
1265	59	46	t
1266	60	46	t
1267	61	46	t
1268	62	46	t
1269	64	46	t
1270	65	46	t
1271	66	46	t
1272	67	46	t
1273	69	46	t
1274	70	46	t
1275	72	46	t
1276	73	46	t
1277	74	46	t
1278	75	46	t
1279	76	46	t
1280	77	46	t
1281	78	46	t
1282	79	46	t
1283	80	46	t
1284	82	46	t
1285	83	46	t
1286	84	46	t
1287	85	46	t
1288	86	46	t
1289	87	46	t
1290	88	46	t
1291	89	46	t
1292	91	46	t
1293	92	46	t
1294	93	46	t
1295	94	46	t
1296	95	46	t
1297	96	46	t
1298	97	46	t
1299	99	46	t
1300	100	46	t
1301	101	46	t
1302	102	46	t
1303	103	46	t
1304	104	46	t
1305	105	46	t
1306	106	46	t
1307	107	46	t
1308	108	46	t
1309	109	46	t
1310	110	46	t
1311	111	46	t
1312	114	46	t
1313	115	46	t
1314	116	46	t
1315	117	46	t
1316	118	46	t
1317	119	46	t
1318	122	46	t
1319	123	46	t
1320	124	46	t
1321	125	46	t
1322	126	46	t
1323	127	46	t
1324	129	46	t
1325	130	46	t
1326	131	46	t
1327	132	46	t
1328	133	46	t
1329	135	46	t
1330	136	46	t
1331	137	46	t
1332	138	46	t
1333	139	46	t
1334	140	46	t
1335	141	46	t
1336	142	46	t
1337	163	46	t
1338	113	46	t
1339	143	46	t
1340	144	46	t
1341	145	46	t
1342	150	46	t
1343	151	46	t
1344	152	46	t
1345	153	46	t
1346	154	46	t
1347	155	46	t
1348	156	46	t
1349	157	46	t
1350	158	46	t
1351	159	46	t
1352	162	46	t
1353	165	46	t
1354	166	46	t
1355	148	46	t
1356	134	46	t
1357	167	46	t
1358	169	46	t
1359	170	46	t
1360	171	46	t
1361	172	46	t
1362	174	46	t
1363	177	46	t
1364	178	46	t
1365	179	46	t
1366	180	46	t
1367	183	46	t
1368	184	46	t
1369	185	46	t
1370	186	46	t
1371	173	46	t
1372	187	46	t
1373	188	46	t
1374	189	46	t
1375	191	46	t
1376	192	46	t
1377	194	46	t
1378	195	46	t
1379	2	47	t
1380	10	47	t
1381	11	47	t
1382	16	47	t
1383	17	47	t
1384	22	47	t
1385	26	47	t
1386	27	47	t
1387	42	47	t
1388	43	47	t
1389	45	47	t
1390	47	47	t
1391	60	47	f
1392	61	47	t
1393	65	47	t
1394	76	47	t
1395	84	47	t
1396	88	47	t
1397	94	47	t
1398	101	47	t
1399	116	47	t
1400	129	47	t
1401	140	47	t
1402	113	47	t
1403	143	47	t
1404	144	47	t
1405	154	47	t
1406	158	47	t
1407	159	47	t
1408	165	47	t
1409	180	47	t
1410	184	47	t
1411	9	48	t
1412	17	48	f
1413	19	48	t
1414	21	48	t
1415	32	48	t
1416	33	48	t
1417	40	48	f
1418	60	48	f
1419	61	48	f
1420	62	48	f
1421	63	48	t
1422	65	48	f
1423	81	48	t
1424	84	48	f
1425	101	48	f
1426	102	48	f
1427	110	48	t
1428	123	48	f
1429	169	48	f
1430	170	48	t
1431	171	48	f
1432	186	48	f
1433	187	48	f
1434	1	49	f
1435	8	49	f
1436	9	49	f
1437	16	49	t
1438	19	49	f
1439	24	49	f
1440	25	49	f
1441	35	49	f
1442	36	49	f
1443	37	49	f
1444	38	49	f
1445	40	49	f
1446	46	49	f
1447	51	49	t
1448	57	49	f
1449	59	49	t
1450	62	49	f
1451	64	49	f
1452	66	49	f
1453	68	49	f
1454	71	49	f
1455	73	49	f
1456	75	49	t
1457	78	49	f
1458	80	49	f
1459	83	49	f
1460	85	49	f
1461	87	49	f
1462	88	49	f
1463	93	49	f
1464	104	49	f
1465	105	49	f
1466	110	49	f
1467	116	49	f
1468	127	49	f
1469	129	49	f
1470	133	49	f
1471	137	49	f
1472	139	49	f
1473	142	49	t
1474	163	49	f
1475	145	49	f
1476	149	49	f
1477	152	49	t
1478	154	49	f
1479	156	49	f
1480	157	49	t
1481	166	49	f
1482	175	49	f
1483	180	49	f
1484	183	49	f
1485	184	49	f
1486	187	49	f
1487	188	49	f
1488	191	49	f
1489	3	50	t
1490	7	50	t
1491	9	50	t
1492	10	50	t
1493	15	50	t
1494	16	50	t
1495	17	50	t
1496	21	50	f
1497	22	50	t
1498	24	50	t
1499	27	50	t
1500	30	50	t
1501	31	50	f
1502	34	50	t
1503	36	50	t
1504	38	50	t
1505	42	50	t
1506	43	50	f
1507	44	50	t
1508	45	50	t
1509	47	50	t
1510	50	50	f
1511	51	50	t
1512	53	50	f
1513	56	50	t
1514	60	50	t
1515	61	50	t
1516	65	50	t
1517	67	50	t
1518	69	50	t
1519	73	50	t
1520	74	50	t
1521	76	50	t
1522	82	50	t
1523	83	50	t
1524	84	50	t
1525	88	50	t
1526	92	50	t
1527	97	50	t
1528	101	50	t
1529	111	50	t
1530	114	50	t
1531	116	50	t
1532	117	50	t
1533	123	50	t
1534	124	50	t
1535	126	50	t
1536	129	50	t
1537	130	50	t
1538	132	50	t
1539	139	50	t
1540	140	50	t
1541	141	50	t
1542	113	50	t
1543	143	50	t
1544	154	50	t
1545	155	50	t
1546	158	50	t
1547	159	50	t
1548	165	50	t
1549	166	50	t
1550	168	50	t
1551	169	50	t
1552	170	50	t
1553	179	50	t
1554	180	50	t
1555	184	50	t
1556	186	50	t
1557	188	50	t
1558	10	51	f
1559	144	51	f
1560	2	52	t
1561	10	52	t
1562	15	52	t
1563	23	52	t
1564	24	52	f
1565	27	52	t
1566	28	52	t
1567	32	52	t
1568	36	52	t
1569	45	52	t
1570	46	52	f
1571	47	52	f
1572	50	52	t
1573	51	52	f
1574	52	52	t
1575	60	52	f
1576	61	52	f
1577	63	52	t
1578	64	52	t
1579	65	52	f
1580	66	52	f
1581	70	52	t
1582	74	52	f
1583	76	52	t
1584	87	52	t
1585	88	52	t
1586	89	52	t
1587	95	52	t
1588	96	52	t
1589	97	52	t
1590	102	52	f
1591	103	52	t
1592	111	52	f
1593	117	52	t
1594	127	52	t
1595	130	52	f
1596	132	52	f
1597	135	52	f
1598	137	52	t
1599	138	52	t
1600	139	52	f
1601	141	52	f
1602	143	52	t
1603	153	52	t
1604	156	52	t
1605	157	52	f
1606	158	52	t
1607	148	52	t
1608	169	52	f
1609	171	52	t
1610	179	52	t
1611	183	52	t
1612	173	52	t
1613	187	52	f
1614	191	52	f
1615	194	52	t
1616	2	53	t
1617	19	53	t
1618	24	53	f
1619	37	53	f
1620	40	53	t
1621	47	53	f
1622	51	53	t
1623	56	53	t
1624	60	53	f
1625	65	53	f
1626	70	53	f
1627	75	53	t
1628	100	53	t
1629	114	53	t
1630	117	53	f
1631	127	53	t
1632	130	53	f
1633	137	53	f
1634	138	53	t
1635	144	53	t
1636	154	53	t
1637	165	53	t
1638	146	53	t
1639	148	53	t
1640	169	53	f
1641	171	53	t
1642	179	53	t
1643	184	53	t
1644	190	53	t
1645	10	54	t
1646	17	54	t
1647	26	54	t
1648	42	54	t
1649	45	54	t
1650	61	54	t
1651	65	54	t
1652	76	54	t
1653	84	54	f
1654	101	54	t
1655	123	54	t
1656	140	54	t
1657	113	54	t
1658	143	54	t
1659	144	54	t
1660	154	54	t
1661	158	54	t
1662	170	54	t
1663	184	54	t
1664	8	55	f
1665	19	55	f
1666	32	55	f
1667	40	55	f
1668	46	55	f
1669	47	55	f
1670	61	55	f
1671	62	55	f
1672	66	55	f
1673	67	55	f
1674	70	55	f
1675	71	55	f
1676	101	55	f
1677	102	55	f
1678	106	55	f
1679	123	55	f
1680	126	55	f
1681	127	55	f
1682	130	55	f
1683	140	55	f
1684	153	55	f
1685	165	55	f
1686	169	55	f
1687	170	55	f
1688	176	55	f
1689	187	55	f
1690	1	56	t
1691	2	56	t
1692	8	56	t
1693	10	56	t
1694	11	56	t
1695	16	56	t
1696	17	56	t
1697	22	56	t
1698	26	56	t
1699	42	56	t
1700	44	56	t
1701	45	56	t
1702	47	56	t
1703	56	56	t
1704	60	56	t
1705	61	56	t
1706	64	56	t
1707	65	56	t
1708	67	56	t
1709	76	56	t
1710	80	56	t
1711	82	56	t
1712	84	56	t
1713	87	56	t
1714	88	56	t
1715	92	56	t
1716	94	56	t
1717	95	56	t
1718	100	56	t
1719	101	56	t
1720	107	56	t
1721	115	56	t
1722	116	56	t
1723	117	56	t
1724	123	56	t
1725	129	56	t
1726	130	56	t
1727	131	56	t
1728	132	56	t
1729	140	56	t
1730	141	56	t
1731	113	56	t
1732	143	56	t
1733	144	56	t
1734	154	56	t
1735	158	56	t
1736	159	56	t
1737	165	56	t
1738	169	56	t
1739	170	56	t
1740	171	56	t
1741	172	56	t
1742	179	56	t
1743	180	56	t
1744	181	56	t
1745	184	56	t
1746	186	56	t
1747	189	56	t
1748	2	57	t
1749	8	57	t
1750	10	57	t
1751	16	57	t
1752	17	57	t
1753	22	57	t
1754	42	57	t
1755	44	57	t
1756	45	57	t
1757	47	57	t
1758	56	57	t
1759	60	57	t
1760	61	57	t
1761	64	57	t
1762	65	57	t
1763	67	57	t
1764	76	57	t
1765	80	57	t
1766	82	57	t
1767	84	57	t
1768	87	57	t
1769	92	57	t
1770	94	57	t
1771	95	57	t
1772	100	57	t
1773	101	57	t
1774	107	57	t
1775	123	57	t
1776	129	57	t
1777	130	57	t
1778	132	57	t
1779	140	57	t
1780	141	57	t
1781	113	57	t
1782	143	57	t
1783	144	57	t
1784	154	57	t
1785	158	57	t
1786	159	57	t
1787	165	57	t
1788	169	57	t
1789	170	57	t
1790	179	57	t
1791	180	57	t
1792	181	57	t
1793	184	57	t
1794	186	57	t
1795	189	57	t
1796	16	58	t
1797	17	58	f
1798	26	58	t
1799	45	58	t
1800	47	58	t
1801	56	58	t
1802	60	58	t
1803	61	58	t
1804	80	58	t
1805	94	58	t
1806	100	58	t
1807	101	58	t
1808	123	58	t
1809	130	58	t
1810	131	58	t
1811	140	58	t
1812	141	58	t
1813	113	58	t
1814	143	58	t
1815	144	58	t
1816	158	58	t
1817	159	58	t
1818	165	58	t
1819	169	58	t
1820	170	58	t
1821	172	58	t
1822	180	58	t
1823	184	58	t
1824	186	58	t
1825	189	58	t
1826	2	59	t
1827	4	59	t
1828	10	59	t
1829	11	59	t
1830	16	59	t
1831	17	59	t
1832	22	59	t
1833	26	59	t
1834	42	59	t
1835	44	59	t
1836	45	59	t
1837	47	59	t
1838	56	59	t
1839	60	59	t
1840	61	59	t
1841	64	59	t
1842	65	59	t
1843	67	59	t
1844	76	59	t
1845	77	59	t
1846	82	59	t
1847	84	59	t
1848	88	59	t
1849	94	59	t
1850	99	59	t
1851	100	59	t
1852	101	59	t
1853	107	59	t
1854	116	59	t
1855	117	59	t
1856	123	59	t
1857	127	59	t
1858	129	59	t
1859	130	59	t
1860	140	59	t
1861	141	59	t
1862	113	59	t
1863	143	59	t
1864	144	59	t
1865	150	59	t
1866	154	59	t
1867	158	59	t
1868	159	59	t
1869	165	59	t
1870	169	59	t
1871	170	59	t
1872	172	59	t
1873	179	59	t
1874	180	59	t
1875	184	59	t
1876	186	59	t
1877	189	59	t
1878	2	60	t
1879	4	60	t
1880	10	60	t
1881	11	60	t
1882	16	60	t
1883	17	60	t
1884	22	60	t
1885	26	60	t
1886	42	60	t
1887	44	60	t
1888	45	60	t
1889	47	60	t
1890	56	60	t
1891	60	60	t
1892	61	60	t
1893	64	60	t
1894	65	60	t
1895	67	60	t
1896	76	60	t
1897	77	60	t
1898	82	60	t
1899	84	60	t
1900	88	60	t
1901	94	60	t
1902	99	60	t
1903	100	60	t
1904	101	60	t
1905	107	60	t
1906	116	60	t
1907	117	60	t
1908	123	60	t
1909	127	60	t
1910	129	60	t
1911	130	60	t
1912	140	60	t
1913	141	60	t
1914	113	60	t
1915	143	60	t
1916	144	60	t
1917	150	60	t
1918	154	60	t
1919	158	60	t
1920	159	60	t
1921	165	60	t
1922	169	60	t
1923	170	60	t
1924	172	60	t
1925	179	60	t
1926	180	60	t
1927	184	60	t
1928	186	60	t
1929	2	61	f
1930	4	61	f
1931	10	61	f
1932	17	61	f
1933	26	61	f
1934	44	61	f
1935	45	61	f
1936	47	61	f
1937	56	61	f
1938	60	61	f
1939	61	61	f
1940	65	61	f
1941	67	61	f
1942	76	61	f
1943	82	61	f
1944	84	61	f
1945	94	61	f
1946	99	61	f
1947	100	61	f
1948	101	61	f
1949	107	61	f
1950	123	61	f
1951	130	61	f
1952	140	61	f
1953	141	61	f
1954	113	61	f
1955	143	61	f
1956	144	61	f
1957	154	61	f
1958	158	61	f
1959	159	61	f
1960	165	61	f
1961	169	61	f
1962	170	61	f
1963	179	61	f
1964	180	61	f
1965	184	61	f
1966	186	61	f
1967	189	61	f
1968	22	62	t
1969	42	62	t
1970	45	62	t
1971	65	62	f
1972	94	62	t
1973	101	62	f
1974	116	62	t
1975	113	62	t
1976	154	62	t
1977	158	62	t
1978	184	62	t
1979	65	63	f
1980	94	63	f
1981	65	64	f
1982	97	64	f
1983	117	64	f
1984	28	65	f
1985	36	65	f
1986	64	65	f
1987	95	65	f
1988	97	65	f
1989	103	65	f
1990	111	65	f
1991	117	65	f
1992	130	65	f
1993	145	65	f
1994	153	65	f
1995	191	65	f
1996	194	65	f
1997	36	66	f
1998	61	66	f
1999	74	66	f
2000	84	66	f
2001	111	66	f
2002	117	66	f
2003	123	66	f
2004	162	66	f
2005	170	66	f
2006	14	67	f
2007	17	68	t
2008	61	68	f
2009	63	68	t
2010	65	68	t
2011	67	68	f
2012	74	68	f
2013	76	68	f
2014	83	68	t
2015	84	68	t
2016	101	68	t
2017	123	68	t
2018	150	68	t
2019	186	68	t
2020	17	69	t
2021	61	69	f
2022	63	69	t
2023	65	69	t
2024	67	69	f
2025	74	69	f
2026	76	69	f
2027	83	69	t
2028	84	69	t
2029	101	69	t
2030	123	69	t
2031	150	69	t
2032	186	69	t
2033	7	70	t
2034	17	70	t
2035	32	70	t
2036	37	70	t
2037	29	70	f
2038	74	70	f
2039	84	70	t
2040	95	70	f
2041	117	70	f
2042	126	70	f
2043	139	70	f
2044	141	70	f
2045	150	70	t
2046	176	70	t
2047	9	71	t
2048	17	71	t
2049	22	71	t
2050	33	71	t
2051	42	71	t
2052	44	71	t
2053	51	71	t
2054	61	71	t
2055	74	71	f
2056	80	71	f
2057	84	71	t
2058	93	71	f
2059	98	71	t
2060	126	71	t
2061	141	71	t
2062	144	71	f
2063	156	71	f
2064	159	71	t
2065	186	71	f
2066	187	71	f
2067	16	72	t
2068	17	72	f
2069	45	72	f
2070	60	72	f
2071	61	72	t
2072	66	72	f
2073	70	72	f
2074	76	72	t
2075	84	72	t
2076	94	72	t
2077	117	72	f
2078	127	72	t
2079	135	72	t
2080	139	72	t
2081	144	72	t
2082	158	72	f
2083	173	72	f
2084	184	72	t
2085	187	72	f
2086	189	72	t
2087	17	73	t
2088	45	73	f
2089	60	73	f
2090	61	73	t
2091	65	73	t
2092	66	73	f
2093	70	73	f
2094	76	73	t
2095	84	73	t
2096	94	73	t
2097	117	73	f
2098	127	73	t
2099	139	73	f
2100	144	73	t
2101	158	73	f
2102	173	73	f
2103	184	73	t
2104	186	73	f
2105	187	73	f
2106	1	74	t
2107	3	74	t
2108	5	74	t
2109	7	74	t
2110	11	74	t
2111	19	74	t
2112	21	74	t
2113	22	74	t
2114	23	74	t
2115	24	74	t
2116	27	74	t
2117	31	74	t
2118	37	74	t
2119	38	74	t
2120	29	74	t
2121	42	74	t
2122	44	74	t
2123	47	74	t
2124	51	74	t
2125	53	74	t
2126	60	74	t
2127	61	74	f
2128	62	74	t
2129	64	74	f
2130	66	74	t
2131	67	74	t
2132	70	74	f
2133	69	74	t
2134	75	74	t
2135	76	74	t
2136	80	74	t
2137	84	74	t
2138	93	74	t
2139	94	74	t
2140	100	74	t
2141	119	74	t
2142	116	74	t
2143	123	74	f
2144	124	74	t
2145	127	74	t
2146	129	74	t
2147	130	74	t
2148	132	74	f
2149	135	74	t
2150	137	74	t
2151	138	74	t
2152	141	74	t
2153	143	74	t
2154	144	74	f
2155	153	74	f
2156	158	74	t
2157	159	74	t
2158	162	74	t
2159	165	74	t
2160	171	74	t
2161	169	74	t
2162	170	74	f
2163	176	74	t
2164	179	74	t
2165	194	74	f
2166	1	75	t
2167	2	75	t
2168	5	75	t
2169	7	75	t
2170	9	75	t
2171	13	75	t
2172	14	75	t
2173	16	75	t
2174	20	75	t
2175	24	75	t
2176	27	75	t
2177	28	75	f
2178	32	75	t
2179	33	75	t
2180	30	75	t
2181	36	75	f
2182	37	75	t
2183	38	75	t
2184	40	75	t
2185	41	75	t
2186	29	75	t
2187	43	75	t
2188	46	75	t
2189	47	75	t
2190	52	75	t
2191	57	75	t
2192	58	75	t
2193	59	75	t
2194	61	75	f
2195	62	75	t
2196	65	75	t
2197	66	75	t
2198	77	75	t
2199	78	75	t
2200	79	75	t
2201	82	75	t
2202	84	75	f
2203	85	75	f
2204	87	75	t
2205	88	75	t
2206	89	75	t
2207	91	75	t
2208	92	75	t
2209	94	75	t
2210	96	75	f
2211	101	75	t
2212	102	75	t
2213	103	75	t
2214	104	75	t
2215	107	75	t
2216	111	75	t
2217	115	75	t
2218	118	75	t
2219	119	75	t
2220	120	75	t
2221	123	75	t
2222	124	75	t
2223	127	75	t
2224	130	75	t
2225	131	75	t
2226	132	75	t
2227	135	75	t
2228	137	75	t
2229	142	75	t
2230	113	75	t
2231	143	75	t
2232	144	75	t
2233	145	75	t
2234	150	75	t
2235	152	75	t
2236	153	75	t
2237	155	75	t
2238	156	75	t
2239	157	75	t
2240	162	75	t
2241	165	75	t
2242	167	75	f
2243	169	75	t
2244	170	75	f
2245	171	75	t
2246	172	75	t
2247	176	75	t
2248	177	75	f
2249	180	75	t
2250	184	75	t
2251	185	75	t
2252	186	75	t
2253	173	75	t
2254	187	75	t
2255	189	75	t
2256	192	75	t
2257	194	75	t
2258	195	75	t
2259	1	76	t
2260	2	76	t
2261	5	76	t
2262	7	76	t
2263	9	76	t
2264	13	76	t
2265	14	76	t
2266	16	76	t
2267	20	76	t
2268	24	76	t
2269	27	76	t
2270	28	76	f
2271	32	76	t
2272	33	76	t
2273	30	76	t
2274	36	76	f
2275	37	76	t
2276	38	76	t
2277	40	76	t
2278	41	76	t
2279	29	76	t
2280	43	76	t
2281	46	76	t
2282	47	76	t
2283	52	76	t
2284	57	76	t
2285	58	76	t
2286	59	76	t
2287	61	76	f
2288	62	76	t
2289	65	76	t
2290	66	76	t
2291	77	76	t
2292	78	76	t
2293	79	76	t
2294	82	76	t
2295	84	76	f
2296	85	76	f
2297	87	76	t
2298	88	76	t
2299	89	76	t
2300	91	76	t
2301	92	76	t
2302	94	76	t
2303	96	76	f
2304	101	76	t
2305	102	76	t
2306	103	76	t
2307	104	76	t
2308	107	76	t
2309	111	76	t
2310	115	76	t
2311	118	76	t
2312	119	76	t
2313	120	76	t
2314	123	76	t
2315	124	76	t
2316	127	76	t
2317	130	76	t
2318	131	76	t
2319	132	76	t
2320	135	76	t
2321	137	76	t
2322	142	76	t
2323	113	76	t
2324	143	76	t
2325	144	76	t
2326	145	76	t
2327	150	76	t
2328	152	76	t
2329	153	76	t
2330	156	76	t
2331	157	76	t
2332	162	76	t
2333	165	76	t
2334	167	76	f
2335	169	76	t
2336	170	76	f
2337	172	76	t
2338	176	76	t
2339	177	76	f
2340	180	76	t
2341	184	76	t
2342	185	76	t
2343	186	76	t
2344	173	76	t
2345	187	76	t
2346	189	76	t
2347	192	76	t
2348	194	76	t
2349	61	77	f
2350	62	77	f
2351	65	77	f
2352	84	77	f
2353	101	77	f
2354	118	77	f
2355	169	77	f
2356	170	77	f
2357	186	77	f
2358	27	78	f
2359	65	78	f
2360	152	78	f
2361	195	78	f
2362	40	79	f
2363	63	79	f
2364	127	79	f
2365	137	79	f
2366	187	79	f
2367	1	80	t
2368	3	80	t
2369	5	80	t
2370	7	80	t
2371	8	80	t
2372	9	80	t
2373	10	80	t
2374	11	80	t
2375	12	80	t
2376	13	80	t
2377	14	80	t
2378	15	80	t
2379	16	80	t
2380	17	80	t
2381	19	80	t
2382	21	80	t
2383	22	80	t
2384	23	80	t
2385	24	80	t
2386	25	80	t
2387	26	80	t
2388	27	80	t
2389	31	80	t
2390	32	80	t
2391	33	80	t
2392	30	80	t
2393	36	80	t
2394	37	80	t
2395	38	80	t
2396	39	80	t
2397	40	80	t
2398	41	80	t
2399	29	80	t
2400	42	80	t
2401	43	80	t
2402	44	80	t
2403	45	80	t
2404	128	80	t
2405	46	80	t
2406	47	80	t
2407	50	80	t
2408	51	80	t
2409	52	80	t
2410	54	80	t
2411	56	80	t
2412	58	80	t
2413	59	80	t
2414	60	80	t
2415	61	80	t
2416	62	80	t
2417	65	80	t
2418	66	80	t
2419	67	80	t
2420	69	80	t
2421	70	80	t
2422	75	80	t
2423	76	80	t
2424	77	80	t
2425	78	80	t
2426	79	80	t
2427	80	80	t
2428	81	80	t
2429	82	80	t
2430	83	80	t
2431	84	80	t
2432	86	80	t
2433	87	80	t
2434	89	80	t
2435	91	80	t
2436	92	80	t
2437	93	80	t
2438	94	80	t
2439	95	80	t
2440	96	80	t
2441	97	80	t
2442	98	80	t
2443	99	80	t
2444	101	80	t
2445	102	80	t
2446	103	80	t
2447	104	80	t
2448	105	80	t
2449	106	80	t
2450	107	80	t
2451	109	80	t
2452	110	80	t
2453	111	80	t
2454	115	80	t
2455	116	80	t
2456	117	80	t
2457	119	80	t
2458	121	80	t
2459	122	80	t
2460	123	80	t
2461	124	80	t
2462	126	80	t
2463	127	80	t
2464	129	80	t
2465	130	80	t
2466	131	80	t
2467	132	80	t
2468	135	80	t
2469	136	80	t
2470	137	80	t
2471	138	80	t
2472	139	80	t
2473	140	80	t
2474	141	80	t
2475	142	80	t
2476	113	80	t
2477	143	80	t
2478	144	80	t
2479	145	80	t
2480	148	80	t
2481	149	80	t
2482	152	80	t
2483	153	80	t
2484	154	80	t
2485	155	80	t
2486	156	80	t
2487	157	80	t
2488	158	80	t
2489	159	80	t
2490	160	80	t
2491	162	80	t
2492	165	80	t
2493	166	80	t
2494	167	80	t
2495	168	80	t
2496	169	80	t
2497	170	80	t
2498	171	80	t
2499	176	80	t
2500	177	80	t
2501	178	80	t
2502	179	80	t
2503	180	80	t
2504	181	80	t
2505	183	80	t
2506	184	80	t
2507	185	80	t
2508	186	80	t
2509	173	80	t
2510	187	80	t
2511	188	80	t
2512	189	80	t
2513	190	80	t
2514	191	80	t
2515	192	80	t
2516	193	80	t
2517	194	80	t
2518	195	80	t
2519	1	81	t
2520	3	81	t
2521	5	81	t
2522	7	81	t
2523	9	81	t
2524	10	81	t
2525	11	81	t
2526	12	81	t
2527	13	81	t
2528	14	81	t
2529	16	81	t
2530	17	81	t
2531	19	81	t
2532	22	81	t
2533	24	81	t
2534	26	81	t
2535	31	81	t
2536	32	81	t
2537	33	81	t
2538	30	81	t
2539	36	81	t
2540	37	81	t
2541	38	81	t
2542	40	81	t
2543	41	81	t
2544	29	81	t
2545	42	81	t
2546	43	81	t
2547	44	81	t
2548	45	81	t
2549	128	81	t
2550	47	81	t
2551	50	81	t
2552	51	81	t
2553	52	81	t
2554	53	81	t
2555	56	81	t
2556	57	81	t
2557	59	81	t
2558	60	81	t
2559	61	81	t
2560	62	81	t
2561	65	81	t
2562	66	81	t
2563	67	81	t
2564	68	81	t
2565	69	81	t
2566	70	81	t
2567	76	81	t
2568	77	81	t
2569	78	81	t
2570	80	81	t
2571	81	81	t
2572	82	81	t
2573	83	81	t
2574	84	81	t
2575	86	81	t
2576	87	81	t
2577	88	81	t
2578	89	81	t
2579	91	81	t
2580	92	81	t
2581	93	81	t
2582	94	81	t
2583	95	81	t
2584	96	81	t
2585	98	81	t
2586	99	81	t
2587	100	81	t
2588	101	81	t
2589	102	81	t
2590	103	81	t
2591	104	81	t
2592	105	81	t
2593	106	81	t
2594	110	81	t
2595	111	81	t
2596	114	81	t
2597	116	81	t
2598	117	81	t
2599	121	81	t
2600	122	81	t
2601	123	81	t
2602	124	81	t
2603	126	81	t
2604	127	81	t
2605	129	81	t
2606	130	81	t
2607	131	81	t
2608	132	81	t
2609	135	81	t
2610	136	81	t
2611	137	81	t
2612	138	81	t
2613	139	81	t
2614	140	81	t
2615	141	81	t
2616	142	81	t
2617	163	81	t
2618	113	81	t
2619	143	81	t
2620	144	81	t
2621	145	81	t
2622	148	81	t
2623	149	81	t
2624	152	81	t
2625	153	81	t
2626	154	81	t
2627	155	81	t
2628	157	81	t
2629	158	81	t
2630	159	81	t
2631	160	81	t
2632	162	81	t
2633	165	81	t
2634	166	81	t
2635	167	81	t
2636	168	81	t
2637	169	81	t
2638	170	81	t
2639	171	81	t
2640	176	81	t
2641	177	81	t
2642	178	81	t
2643	179	81	t
2644	180	81	t
2645	184	81	t
2646	185	81	t
2647	186	81	t
2648	187	81	t
2649	189	81	t
2650	190	81	t
2651	191	81	t
2652	192	81	t
2653	193	81	t
2654	194	81	t
2655	195	81	t
2656	1	82	t
2657	3	82	t
2658	4	82	t
2659	5	82	t
2660	6	82	t
2661	7	82	t
2662	10	82	t
2663	12	82	t
2664	13	82	t
2665	14	82	t
2666	16	82	t
2667	19	82	t
2668	22	82	t
2669	23	82	t
2670	24	82	t
2671	26	82	t
2672	27	82	t
2673	33	82	t
2674	34	82	t
2675	35	82	t
2676	36	82	t
2677	37	82	t
2678	40	82	t
2679	196	82	t
2680	41	82	t
2681	29	82	t
2682	42	82	t
2683	43	82	t
2684	44	82	t
2685	45	82	t
2686	49	82	t
2687	50	82	t
2688	51	82	t
2689	52	82	t
2690	53	82	t
2691	55	82	t
2692	57	82	t
2693	59	82	t
2694	62	82	t
2695	63	82	t
2696	66	82	t
2697	70	82	t
2698	72	82	t
2699	76	82	t
2700	78	82	t
2701	79	82	t
2702	80	82	t
2703	81	82	t
2704	84	82	t
2705	85	82	t
2706	89	82	t
2707	92	82	t
2708	95	82	t
2709	96	82	t
2710	100	82	t
2711	101	82	t
2712	102	82	t
2713	103	82	t
2714	104	82	t
2715	106	82	t
2716	107	82	t
2717	109	82	t
2718	110	82	t
2719	111	82	t
2720	116	82	t
2721	117	82	t
2722	119	82	t
2723	123	82	t
2724	124	82	t
2725	125	82	t
2726	126	82	t
2727	127	82	t
2728	129	82	t
2729	130	82	t
2730	132	82	t
2731	135	82	t
2732	136	82	t
2733	137	82	t
2734	138	82	t
2735	139	82	t
2736	140	82	t
2737	142	82	t
2738	163	82	t
2739	113	82	t
2740	143	82	t
2741	145	82	t
2742	146	82	t
2743	150	82	t
2744	151	82	t
2745	152	82	t
2746	153	82	t
2747	154	82	t
2748	155	82	t
2749	157	82	t
2750	159	82	t
2751	106	82	t
2752	162	82	t
2753	164	82	t
2754	166	82	t
2755	167	82	t
2756	168	82	t
2757	171	82	t
2758	174	82	t
2759	175	82	t
2760	177	82	t
2761	179	82	t
2762	180	82	t
2763	181	82	t
2764	182	82	t
2765	183	82	t
2766	184	82	t
2767	186	82	t
2768	173	82	t
2769	188	82	t
2770	189	82	t
2771	190	82	t
2772	191	82	t
2773	192	82	t
2774	194	82	t
2775	3	83	t
2776	5	83	t
2777	7	83	t
2778	11	83	t
2779	13	83	t
2780	17	83	t
2781	19	83	t
2782	21	83	t
2783	24	83	t
2784	32	83	t
2785	43	83	t
2786	47	83	f
2787	50	83	f
2788	51	83	t
2789	52	83	t
2790	53	83	t
2791	61	83	f
2792	62	83	t
2793	63	83	t
2794	66	83	t
2795	67	83	f
2796	69	83	t
2797	70	83	t
2798	73	83	t
2799	75	83	t
2800	78	83	f
2801	81	83	t
2802	83	83	f
2803	84	83	t
2804	89	83	t
2805	91	83	t
2806	95	83	t
2807	97	83	f
2808	98	83	f
2809	101	83	t
2810	102	83	t
2811	105	83	t
2812	106	83	t
2813	109	83	t
2814	111	83	f
2815	117	83	t
2816	123	83	f
2817	126	83	t
2818	130	83	f
2819	131	83	t
2820	132	83	t
2821	136	83	t
2822	137	83	t
2823	139	83	f
2824	141	83	f
2825	113	83	t
2826	144	83	t
2827	145	83	t
2828	155	83	t
2829	165	83	t
2830	166	83	t
2831	168	83	t
2832	169	83	f
2833	170	83	f
2834	174	83	f
2835	176	83	t
2836	179	83	t
2837	183	83	t
2838	185	83	t
2839	186	83	f
2840	188	83	t
2841	190	83	t
2842	193	83	t
2843	9	84	t
2844	10	84	t
2845	11	84	t
2846	12	84	t
2847	13	84	t
2848	16	84	t
2849	17	84	t
2850	22	84	t
2851	24	84	t
2852	27	84	t
2853	30	84	t
2854	33	84	t
2855	35	84	t
2856	38	84	t
2857	42	84	t
2858	43	84	f
2859	44	84	t
2860	45	84	t
2861	47	84	t
2862	52	84	t
2863	53	84	t
2864	56	84	t
2865	59	84	t
2866	60	84	t
2867	61	84	t
2868	62	84	t
2869	65	84	t
2870	66	84	t
2871	67	84	t
2872	68	84	t
2873	69	84	t
2874	70	84	t
2875	74	84	f
2876	75	84	f
2877	76	84	t
2878	77	84	t
2879	79	84	f
2880	80	84	t
2881	81	84	t
2882	82	84	t
2883	83	84	t
2884	84	84	t
2885	85	84	t
2886	91	84	t
2887	95	84	t
2888	96	84	t
2889	98	84	t
2890	100	84	t
2891	101	84	t
2892	103	84	t
2893	104	84	t
2894	106	84	t
2895	109	84	t
2896	110	84	t
2897	111	84	t
2898	116	84	t
2899	117	84	t
2900	123	84	t
2901	124	84	t
2902	126	84	t
2903	127	84	t
2904	130	84	t
2905	132	84	t
2906	136	84	t
2907	137	84	t
2908	138	84	t
2909	139	84	t
2910	140	84	t
2911	113	84	t
2912	143	84	t
2913	144	84	t
2914	145	84	t
2915	152	84	t
2916	154	84	t
2917	155	84	t
2918	158	84	t
2919	159	84	t
2920	160	84	t
2921	162	84	t
2922	57	84	t
2923	169	84	t
2924	170	84	t
2925	129	84	t
2926	176	84	t
2927	179	84	t
2928	184	84	t
2929	186	84	t
2930	189	84	t
2931	191	84	f
2932	194	84	t
2933	195	84	t
2934	17	85	f
2935	24	85	f
2936	33	85	f
2937	38	85	f
2938	41	85	f
2939	47	85	f
2940	51	85	f
2941	53	85	f
2942	61	85	f
2943	65	85	f
2944	69	85	f
2945	83	85	f
2946	84	85	f
2947	85	85	f
2948	125	85	f
2949	170	85	f
2950	178	85	f
2951	186	85	f
2952	187	85	f
2953	191	85	f
2954	165	85	f
2955	111	85	f
2956	169	85	f
2957	60	85	f
2958	15	85	f
2959	130	85	f
2960	7	85	f
2961	124	85	f
2962	101	85	f
2963	123	85	f
2964	176	85	f
2965	67	85	f
2966	44	85	f
2967	7	86	t
2968	11	86	t
2969	13	86	t
2970	15	86	f
2971	22	86	t
2972	24	86	t
2973	33	86	t
2974	36	86	t
2975	38	86	t
2976	42	86	t
2977	43	86	t
2978	44	86	t
2979	46	86	f
2980	47	86	t
2981	52	86	t
2982	56	86	t
2983	58	86	t
2984	60	86	t
2985	61	86	t
2986	66	86	t
2987	67	86	t
2988	69	86	t
2989	70	86	t
2990	75	86	t
2991	80	86	t
2992	81	86	t
2993	82	86	t
2994	83	86	t
2995	84	86	t
2996	87	86	t
2997	89	86	t
2998	91	86	t
2999	95	86	t
3000	111	86	t
3001	116	86	t
3002	117	86	t
3003	123	86	t
3004	124	86	t
3005	126	86	t
3006	129	86	t
3007	130	86	t
3008	138	86	t
3009	141	86	t
3010	153	86	f
3011	154	86	t
3012	159	86	t
3013	165	86	t
3014	169	86	t
3015	170	86	t
3016	176	86	t
3017	179	86	t
3018	186	86	t
3019	189	86	t
3020	191	86	t
3021	7	87	t
3022	11	87	t
3023	13	87	t
3024	15	87	f
3025	22	87	t
3026	24	87	t
3027	33	87	t
3028	36	87	t
3029	38	87	t
3030	42	87	t
3031	43	87	t
3032	44	87	t
3033	46	87	f
3034	47	87	t
3035	52	87	t
3036	56	87	t
3037	58	87	t
3038	60	87	t
3039	61	87	t
3040	66	87	t
3041	67	87	t
3042	69	87	t
3043	70	87	t
3044	75	87	t
3045	80	87	t
3046	81	87	t
3047	82	87	t
3048	83	87	t
3049	84	87	t
3050	87	87	t
3051	89	87	t
3052	91	87	t
3053	95	87	t
3054	111	87	t
3055	116	87	t
3056	117	87	t
3057	123	87	t
3058	124	87	t
3059	126	87	t
3060	129	87	t
3061	130	87	t
3062	131	87	t
3063	138	87	t
3064	141	87	t
3065	142	87	f
3066	153	87	f
3067	154	87	t
3068	159	87	t
3069	165	87	t
3070	169	87	t
3071	170	87	t
3072	176	87	t
3073	179	87	t
3074	186	87	t
3075	189	87	t
3076	191	87	t
3077	15	88	f
3078	17	88	f
3079	24	88	f
3080	66	88	f
3081	69	88	f
3082	141	88	f
3083	170	88	f
3084	186	88	f
3085	187	88	f
3086	191	88	f
3087	61	88	f
3088	33	88	f
3089	47	88	f
3090	130	88	f
3091	169	88	f
3092	60	88	f
3093	84	88	f
3094	123	88	f
3095	38	88	f
3096	36	88	f
3097	176	88	f
3098	76	88	f
3099	58	88	f
3100	165	88	f
3101	83	88	f
3102	67	88	f
3103	82	88	f
3104	7	88	f
3105	9	88	f
3106	44	88	f
3107	91	88	f
3108	56	88	f
3109	138	88	f
3110	7	89	t
3111	9	89	t
3112	11	89	t
3113	13	89	t
3114	15	89	f
3115	17	89	t
3116	22	89	t
3117	24	89	t
3118	33	89	t
3119	36	89	t
3120	38	89	t
3121	42	89	t
3122	44	89	t
3123	46	89	f
3124	47	89	t
3125	51	89	t
3126	52	89	t
3127	56	89	t
3128	58	89	t
3129	60	89	t
3130	61	89	f
3131	66	89	t
3132	67	89	t
3133	69	89	t
3134	70	89	t
3135	75	89	t
3136	76	89	t
3137	77	89	t
3138	80	89	t
3139	82	89	t
3140	83	89	t
3141	84	89	t
3142	86	89	t
3143	87	89	t
3144	89	89	t
3145	91	89	t
3146	95	89	t
3147	101	89	t
3148	104	89	t
3149	110	89	t
3150	116	89	t
3151	117	89	t
3152	121	89	t
3153	123	89	t
3154	124	89	t
3155	126	89	t
3156	129	89	t
3157	130	89	t
3158	131	89	t
3159	138	89	t
3160	141	89	t
3161	142	89	f
3162	153	89	f
3163	154	89	t
3164	155	89	t
3165	157	89	t
3166	159	89	t
3167	165	89	t
3168	169	89	t
3169	170	89	t
3170	176	89	t
3171	180	89	t
3172	185	89	t
3173	186	89	t
3174	187	89	t
3175	189	89	t
3176	191	89	f
3177	7	90	f
3178	11	90	t
3179	16	90	f
3180	19	90	t
3181	24	90	t
3182	27	90	t
3183	43	90	f
3184	51	90	f
3185	53	90	t
3186	69	90	t
3187	85	90	f
3188	89	90	t
3189	95	90	t
3190	102	90	t
3191	117	90	t
3192	126	90	t
3193	144	90	f
3194	153	90	f
3195	168	90	t
3196	184	90	f
3197	191	90	f
3198	2	91	t
3199	7	91	t
3200	8	91	t
3201	9	91	t
3202	10	91	t
3203	11	91	t
3204	12	91	f
3205	13	91	t
3206	14	91	f
3207	15	91	t
3208	17	91	t
3209	18	91	t
3210	19	91	t
3211	21	91	t
3212	22	91	t
3213	23	91	t
3214	24	91	t
3215	25	91	t
3216	26	91	t
3217	27	91	t
3218	30	91	t
3219	31	91	f
3220	32	91	t
3221	33	91	t
3222	34	91	f
3223	35	91	t
3224	36	91	t
3225	37	91	t
3226	38	91	t
3227	40	91	t
3228	196	91	t
3229	41	91	t
3230	29	91	t
3231	42	91	t
3232	43	91	t
3233	44	91	t
3234	45	91	t
3235	46	91	t
3236	47	91	t
3237	50	91	t
3238	51	91	t
3239	52	91	t
3240	53	91	t
3241	54	91	t
3242	56	91	t
3243	57	91	t
3244	58	91	t
3245	59	91	t
3246	60	91	t
3247	61	91	t
3248	62	91	t
3249	63	91	t
3250	64	91	t
3251	65	91	t
3252	66	91	t
3253	67	91	t
3254	69	91	t
3255	72	91	t
3256	75	91	t
3257	76	91	t
3258	77	91	t
3259	78	91	t
3260	79	91	t
3261	82	91	t
3262	83	91	t
3263	84	91	t
3264	85	91	t
3265	86	91	t
3266	87	91	t
3267	88	91	t
3268	89	91	t
3269	91	91	t
3270	94	91	t
3271	95	91	t
3272	100	91	t
3273	101	91	t
3274	102	91	t
3275	104	91	t
3276	105	91	t
3277	106	91	t
3278	107	91	t
3279	110	91	t
3280	111	91	t
3281	114	91	t
3282	115	91	t
3283	116	91	t
3284	117	91	t
3285	118	91	t
3286	120	91	t
3287	122	91	t
3288	123	91	t
3289	124	91	t
3290	126	91	t
3291	127	91	t
3292	129	91	t
3293	130	91	t
3294	131	91	t
3295	132	91	t
3296	135	91	t
3297	137	91	t
3298	138	91	t
3299	139	91	t
3300	140	91	t
3301	141	91	t
3302	142	91	t
3303	163	91	t
3304	113	91	t
3305	143	91	t
3306	144	91	t
3307	145	91	t
3308	148	91	t
3309	152	91	t
3310	153	91	t
3311	154	91	t
3312	155	91	t
3313	156	91	t
3314	157	91	t
3315	158	91	t
3316	159	91	t
3317	162	91	t
3318	165	91	t
3319	166	91	t
3320	167	91	t
3321	169	91	t
3322	170	91	t
3323	171	91	t
3324	174	91	t
3325	176	91	t
3326	177	91	t
3327	179	91	t
3328	180	91	t
3329	183	91	t
3330	184	91	t
3331	185	91	t
3332	186	91	t
3333	173	91	t
3334	187	91	t
3335	188	91	t
3336	190	91	t
3337	192	91	t
3338	194	91	f
3339	19	92	f
3340	27	92	f
3341	32	92	f
3342	40	92	f
3343	29	92	f
3344	51	92	f
3345	66	92	f
3346	91	92	f
3347	116	92	f
3348	118	92	f
3349	135	92	f
3350	154	92	f
3351	156	92	f
3352	162	92	f
3353	57	92	f
3354	183	92	f
3355	194	92	f
3356	13	93	f
3357	19	93	f
3358	27	93	f
3359	32	93	f
3360	36	93	f
3361	40	93	f
3362	29	93	f
3363	46	93	f
3364	51	93	f
3365	62	93	f
3366	66	93	f
3367	91	93	f
3368	116	93	f
3369	118	93	f
3370	127	93	f
3371	135	93	f
3372	154	93	f
3373	162	93	f
3374	57	93	f
3375	183	93	f
3376	194	93	f
3377	1	94	t
3378	2	94	t
3379	3	94	t
3380	4	94	t
3381	6	94	t
3382	7	94	t
3383	8	94	t
3384	9	94	t
3385	9	94	t
3386	10	94	t
3387	11	94	t
3388	12	94	t
3389	13	94	t
3390	14	94	t
3391	15	94	t
3392	16	94	t
3393	17	94	t
3394	18	94	t
3395	19	94	t
3396	20	94	t
3397	21	94	t
3398	22	94	t
3399	23	94	t
3400	24	94	t
3401	25	94	t
3402	26	94	t
3403	27	94	t
3404	28	94	t
3405	30	94	t
3406	32	94	t
3407	33	94	t
3408	34	94	t
3409	35	94	t
3410	36	94	t
3411	37	94	t
3412	38	94	t
3413	39	94	t
3414	40	94	t
3415	196	94	t
3416	41	94	t
3417	29	94	t
3418	42	94	t
3419	43	94	t
3420	44	94	t
3421	45	94	t
3422	128	94	t
3423	46	94	t
3424	47	94	t
3425	48	94	t
3426	49	94	t
3427	50	94	t
3428	51	94	t
3429	52	94	t
3430	53	94	t
3431	54	94	t
3432	56	94	t
3433	57	94	t
3434	59	94	t
3435	60	94	t
3436	61	94	t
3437	62	94	t
3438	63	94	t
3439	64	94	t
3440	65	94	t
3441	66	94	t
3442	67	94	t
3443	68	94	t
3444	69	94	t
3445	70	94	t
3446	71	94	t
3447	72	94	t
3448	73	94	t
3449	74	94	t
3450	75	94	t
3451	76	94	t
3452	77	94	t
3453	78	94	t
3454	79	94	t
3455	82	94	t
3456	83	94	t
3457	84	94	t
3458	85	94	t
3459	86	94	t
3460	87	94	t
3461	88	94	t
3462	89	94	t
3463	90	94	t
3464	91	94	t
3465	92	94	t
3466	93	94	t
3467	94	94	t
3468	95	94	t
3469	96	94	t
3470	97	94	t
3471	98	94	t
3472	99	94	t
3473	100	94	t
3474	101	94	t
3475	102	94	t
3476	103	94	t
3477	104	94	t
3478	106	94	t
3479	107	94	t
3480	109	94	t
3481	110	94	t
3482	111	94	t
3483	112	94	t
3484	114	94	t
3485	115	94	t
3486	116	94	t
3487	117	94	t
3488	118	94	t
3489	120	94	t
3490	121	94	t
3491	122	94	t
3492	123	94	t
3493	124	94	t
3494	125	94	t
3495	126	94	t
3496	127	94	t
3497	197	94	t
3498	129	94	t
3499	130	94	t
3500	131	94	t
3501	132	94	t
3502	135	94	t
3503	137	94	t
3504	138	94	t
3505	139	94	t
3506	140	94	t
3507	141	94	t
3508	142	94	t
3509	163	94	t
3510	113	94	t
3511	143	94	t
3512	144	94	t
3513	145	94	t
3514	146	94	t
3515	147	94	t
3516	148	94	t
3517	149	94	t
3518	150	94	t
3519	151	94	t
3520	152	94	t
3521	153	94	t
3522	154	94	t
3523	157	94	t
3524	158	94	t
3525	159	94	t
3526	160	94	t
3527	162	94	t
3528	165	94	t
3529	166	94	t
3530	167	94	t
3531	168	94	t
3532	169	94	t
3533	170	94	t
3534	171	94	t
3535	172	94	t
3536	174	94	t
3537	176	94	t
3538	177	94	t
3539	178	94	t
3540	179	94	t
3541	180	94	t
3542	181	94	t
3543	182	94	t
3544	184	94	t
3545	185	94	t
3546	186	94	t
3547	173	94	t
3548	187	94	t
3549	188	94	t
3550	189	94	t
3551	190	94	t
3552	191	94	t
3553	192	94	t
3554	193	94	t
3555	194	94	t
3556	195	94	t
3557	17	95	t
3558	47	95	t
3559	61	95	t
3560	65	95	t
3561	73	95	t
3562	84	95	t
3563	86	95	t
3564	97	95	t
3565	101	95	t
3566	114	95	t
3567	116	95	t
3568	130	95	t
3569	165	95	t
3570	169	95	t
3571	170	95	t
3572	179	95	t
3573	186	95	t
3574	9	96	t
3575	10	96	t
3576	17	96	t
3577	24	96	t
3578	26	96	t
3579	33	96	t
3580	47	96	t
3581	56	96	t
3582	60	96	t
3583	61	96	t
3584	65	96	t
3585	67	96	t
3586	73	96	t
3587	76	96	t
3588	78	96	t
3589	82	96	t
3590	84	96	t
3591	86	96	t
3592	97	96	t
3593	99	96	t
3594	101	96	t
3595	114	96	t
3596	117	96	t
3597	120	96	t
3598	123	96	t
3599	124	96	t
3600	130	96	t
3601	140	96	t
3602	141	96	t
3603	143	96	t
3604	162	96	t
3605	165	96	t
3606	169	96	t
3607	170	96	t
3608	174	96	t
3609	179	96	t
3610	180	96	t
3611	186	96	t
3612	10	97	t
3613	17	97	t
3614	24	97	t
3615	26	97	t
3616	47	97	t
3617	56	97	t
3618	60	97	t
3619	61	97	t
3620	65	97	t
3621	67	97	t
3622	73	97	f
3623	76	97	t
3624	82	97	t
3625	84	97	t
3626	86	97	t
3627	97	97	t
3628	101	97	t
3629	114	97	t
3630	123	97	t
3631	130	97	t
3632	140	97	t
3633	141	97	f
3634	143	97	t
3635	165	97	t
3636	169	97	t
3637	170	97	t
3638	174	97	t
3639	179	97	t
3640	180	97	t
3641	186	97	t
3642	9	98	t
3643	10	98	t
3644	17	98	t
3645	24	98	t
3646	26	98	t
3647	33	98	t
3648	44	98	t
3649	47	98	t
3650	60	98	t
3651	61	98	t
3652	65	98	t
3653	67	98	t
3654	74	98	t
3655	76	98	t
3656	77	98	t
3657	78	98	t
3658	79	98	t
3659	82	98	t
3660	83	98	t
3661	84	98	t
3662	86	98	t
3663	94	98	t
3664	95	98	t
3665	99	98	t
3666	101	98	t
3667	107	98	t
3668	114	98	t
3669	117	98	t
3670	123	98	t
3671	124	98	t
3672	130	98	t
3673	132	98	t
3674	140	98	t
3675	141	98	t
3676	143	98	t
3677	162	98	t
3678	165	98	t
3679	166	98	t
3680	169	98	t
3681	170	98	t
3682	171	98	t
3683	179	98	t
3684	186	98	t
3685	195	98	t
3686	7	99	t
3687	9	99	t
3688	10	99	t
3689	12	99	t
3690	17	99	t
3691	19	99	t
3692	24	99	t
3693	27	99	t
3694	32	99	t
3695	33	99	f
3696	36	99	t
3697	40	99	t
3698	29	99	t
3699	46	99	t
3700	47	99	t
3701	59	99	t
3702	60	99	t
3703	61	99	t
3704	62	99	t
3705	65	99	t
3706	67	99	t
3707	74	99	t
3708	76	99	f
3709	77	99	f
3710	78	99	t
3711	82	99	t
3712	83	99	t
3713	84	99	t
3714	86	99	t
3715	95	99	f
3716	99	99	t
3717	101	99	t
3718	102	99	t
3719	106	99	t
3720	109	99	t
3721	111	99	t
3722	114	99	t
3723	117	99	t
3724	123	99	t
3725	124	99	f
3726	126	99	t
3727	130	99	t
3728	132	99	f
3729	139	99	t
3730	141	99	t
3731	153	99	t
3732	162	99	t
3733	165	99	t
3734	169	99	t
3735	170	99	t
3736	171	99	f
3737	179	99	t
3738	180	99	t
3739	186	99	t
3740	188	99	t
3741	26	100	f
3742	32	100	f
3743	29	100	f
3744	46	100	f
3745	61	100	f
3746	62	100	f
3747	67	100	f
3748	74	100	f
3749	76	100	f
3750	77	100	f
3751	78	100	f
3752	84	100	f
3753	86	100	f
3754	101	100	f
3755	102	100	f
3756	109	100	t
3757	111	100	f
3758	114	100	f
3759	126	100	f
3760	130	100	f
3761	132	100	t
3762	139	100	f
3763	140	100	f
3764	141	100	f
3765	143	100	t
3766	153	100	t
3767	162	100	f
3768	179	100	f
3769	1	101	t
3770	2	101	t
3771	3	101	t
3772	4	101	t
3773	6	101	t
3774	8	101	t
3775	9	101	t
3776	10	101	t
3777	11	101	t
3778	13	101	t
3779	14	101	t
3780	15	101	t
3781	16	101	t
3782	17	101	t
3783	18	101	t
3784	19	101	t
3785	20	101	t
3786	21	101	t
3787	22	101	t
3788	23	101	t
3789	24	101	t
3790	25	101	t
3791	26	101	t
3792	27	101	t
3793	28	101	t
3794	30	101	t
3795	33	101	t
3796	34	101	t
3797	36	101	t
3798	37	101	t
3799	38	101	t
3800	39	101	t
3801	40	101	t
3802	196	101	t
3803	41	101	t
3804	42	101	t
3805	43	101	t
3806	44	101	t
3807	45	101	t
3808	163	101	t
3809	46	101	t
3810	47	101	t
3811	48	101	t
3812	49	101	t
3813	50	101	t
3814	51	101	t
3815	52	101	t
3816	53	101	t
3817	54	101	t
3818	56	101	t
3819	57	101	t
3820	60	101	t
3821	62	101	t
3822	63	101	t
3823	64	101	t
3824	66	101	t
3825	67	101	t
3826	68	101	t
3827	69	101	t
3828	70	101	t
3829	71	101	t
3830	72	101	t
3831	73	101	t
3832	74	101	t
3833	75	101	t
3834	79	101	t
3835	82	101	t
3836	83	101	t
3837	84	101	t
3838	85	101	t
3839	86	101	t
3840	87	101	t
3841	88	101	t
3842	89	101	t
3843	90	101	t
3844	91	101	t
3845	92	101	t
3846	93	101	t
3847	94	101	t
3848	95	101	f
3849	96	101	t
3850	97	101	t
3851	98	101	t
3852	99	101	t
3853	100	101	t
3854	101	101	t
3855	103	101	t
3856	104	101	t
3857	106	101	t
3858	109	101	t
3859	110	101	t
3860	111	101	t
3861	112	101	t
3862	114	101	t
3863	115	101	t
3864	116	101	t
3865	117	101	t
3866	118	101	t
3867	120	101	t
3868	121	101	t
3869	122	101	t
3870	124	101	t
3871	125	101	t
3872	126	101	t
3873	127	101	t
3874	197	101	t
3875	129	101	t
3876	131	101	t
3877	135	101	t
3878	137	101	t
3879	138	101	t
3880	141	101	t
3881	142	101	t
3882	163	101	t
3883	113	101	t
3884	143	101	t
3885	144	101	t
3886	145	101	t
3887	146	101	t
3888	147	101	t
3889	148	101	t
3890	149	101	t
3891	150	101	t
3892	151	101	t
3893	152	101	t
3894	153	101	t
3895	154	101	t
3896	157	101	t
3897	158	101	t
3898	159	101	t
3899	160	101	t
3900	167	101	t
3901	168	101	t
3902	170	101	t
3903	171	101	t
3904	172	101	t
3905	176	101	t
3906	177	101	t
3907	178	101	t
3908	179	101	t
3909	180	101	t
3910	181	101	t
3911	182	101	t
3912	184	101	t
3913	185	101	t
3914	186	101	t
3915	173	101	t
3916	187	101	t
3917	188	101	t
3918	189	101	t
3919	190	101	t
3920	191	101	t
3921	192	101	t
3922	193	101	t
3923	194	101	t
3924	3	102	t
3925	8	102	t
3926	10	102	f
3927	17	102	f
3928	18	102	t
3929	23	102	t
3930	26	102	f
3931	27	102	t
3932	28	102	f
3933	31	102	t
3934	32	102	f
3935	34	102	t
3936	35	102	f
3937	36	102	t
3938	37	102	t
3939	38	102	f
3940	39	102	t
3941	40	102	f
3942	196	102	t
3943	41	102	t
3944	29	102	f
3945	44	102	f
3946	45	102	f
3947	163	102	t
3948	47	102	f
3949	48	102	f
3950	50	102	t
3951	51	102	t
3952	53	102	t
3953	56	102	f
3954	60	102	f
3955	61	102	f
3956	62	102	t
3957	65	102	f
3958	66	102	f
3959	67	102	f
3960	68	102	f
3961	69	102	f
3962	70	102	f
3963	73	102	f
3964	75	102	f
3965	76	102	f
3966	79	102	t
3967	82	102	f
3968	84	102	f
3969	85	102	f
3970	86	102	t
3971	87	102	f
3972	89	102	t
3973	90	102	t
3974	101	102	f
3975	102	102	f
3976	106	102	t
3977	108	102	t
3978	109	102	f
3979	110	102	f
3980	111	102	f
3981	115	102	f
3982	116	102	f
3983	117	102	f
3984	120	102	f
3985	123	102	f
3986	125	102	f
3987	127	102	t
3988	138	102	t
3989	139	102	t
3990	140	102	f
3991	142	102	t
3992	163	102	t
3993	113	102	t
3994	143	102	f
3995	144	102	t
3996	148	102	t
3997	149	102	t
3998	151	102	t
3999	153	102	f
4000	155	102	f
4001	156	102	f
4002	158	102	t
4003	159	102	f
4004	165	102	f
4005	167	102	f
4006	169	102	f
4007	170	102	t
4008	171	102	t
4009	176	102	t
4010	178	102	t
4011	179	102	t
4012	183	102	f
4013	185	102	t
4014	186	102	f
4015	187	102	f
4016	190	102	t
4017	194	102	f
4018	195	102	t
4019	1	103	t
4020	2	103	t
4021	3	103	t
4022	4	103	t
4023	5	103	t
4024	6	103	t
4025	7	103	t
4026	8	103	t
4027	9	103	t
4028	10	103	t
4029	11	103	t
4030	12	103	t
4031	13	103	t
4032	14	103	t
4033	15	103	t
4034	16	103	t
4035	17	103	t
4036	18	103	t
4037	19	103	t
4038	20	103	t
4039	21	103	t
4040	22	103	t
4041	23	103	t
4042	24	103	t
4043	25	103	t
4044	26	103	t
4045	27	103	t
4046	28	103	t
4047	31	103	t
4048	32	103	t
4049	33	103	t
4050	34	103	t
4051	35	103	t
4052	36	103	t
4053	37	103	t
4054	38	103	t
4055	39	103	t
4056	40	103	t
4057	41	103	t
4058	29	103	t
4059	42	103	t
4060	43	103	t
4061	44	103	t
4062	45	103	t
4063	163	103	t
4064	46	103	t
4065	47	103	t
4066	48	103	t
4067	49	103	t
4068	50	103	t
4069	51	103	t
4070	52	103	t
4071	53	103	t
4072	54	103	t
4073	56	103	t
4074	57	103	t
4075	60	103	t
4076	61	103	t
4077	62	103	t
4078	63	103	t
4079	64	103	t
4080	65	103	t
4081	66	103	t
4082	67	103	t
4083	68	103	t
4084	69	103	t
4085	70	103	t
4086	71	103	t
4087	72	103	t
4088	73	103	t
4089	74	103	t
4090	75	103	t
4091	76	103	t
4092	77	103	t
4093	78	103	t
4094	79	103	t
4095	80	103	t
4096	81	103	t
4097	82	103	t
4098	83	103	t
4099	84	103	t
4100	85	103	t
4101	86	103	t
4102	87	103	t
4103	88	103	t
4104	89	103	t
4105	91	103	t
4106	92	103	t
4107	93	103	t
4108	94	103	t
4109	95	103	t
4110	96	103	t
4111	97	103	t
4112	98	103	t
4113	99	103	t
4114	100	103	t
4115	101	103	t
4116	102	103	t
4117	103	103	t
4118	104	103	t
4119	106	103	t
4120	107	103	t
4121	109	103	t
4122	110	103	t
4123	111	103	t
4124	114	103	t
4125	115	103	t
4126	116	103	t
4127	117	103	t
4128	118	103	t
4129	120	103	t
4130	122	103	t
4131	123	103	t
4132	124	103	t
4133	125	103	t
4134	126	103	t
4135	127	103	t
4136	129	103	t
4137	130	103	t
4138	131	103	t
4139	132	103	t
4140	135	103	t
4141	136	103	t
4142	137	103	t
4143	138	103	t
4144	139	103	t
4145	140	103	t
4146	141	103	t
4147	142	103	t
4148	163	103	t
4149	113	103	t
4150	143	103	t
4151	144	103	t
4152	145	103	t
4153	146	103	t
4154	147	103	t
4155	148	103	t
4156	149	103	t
4157	150	103	t
4158	151	103	t
4159	152	103	t
4160	153	103	t
4161	154	103	t
4162	155	103	t
4163	156	103	t
4164	157	103	t
4165	158	103	t
4166	159	103	t
4167	162	103	t
4168	165	103	t
4169	166	103	t
4170	167	103	t
4171	168	103	t
4172	169	103	t
4173	170	103	t
4174	171	103	t
4175	172	103	t
4176	174	103	t
4177	176	103	t
4178	177	103	t
4179	178	103	t
4180	179	103	t
4181	180	103	t
4182	181	103	t
4183	183	103	t
4184	184	103	t
4185	185	103	t
4186	186	103	t
4187	173	103	t
4188	187	103	t
4189	188	103	t
4190	189	103	t
4191	191	103	t
4192	192	103	f
4193	193	103	t
4194	194	103	t
4195	195	103	t
4196	10	104	t
4197	17	104	t
4198	24	104	t
4199	43	104	t
4200	47	104	t
4201	50	104	t
4202	61	104	t
4203	65	104	t
4204	76	104	t
4205	84	104	t
4206	86	104	t
4207	111	104	t
4208	117	104	t
4209	123	104	t
4210	130	104	t
4211	141	104	t
4212	154	104	t
4213	165	104	t
4214	169	104	t
4215	170	104	t
4216	179	104	t
4217	186	104	t
4218	187	104	t
4219	9	105	t
4220	10	105	t
4221	17	105	t
4222	24	105	t
4223	26	105	t
4224	33	105	t
4225	43	105	t
4226	47	105	t
4227	50	105	t
4228	56	105	t
4229	60	105	t
4230	61	105	t
4231	65	105	t
4232	67	105	t
4233	76	105	t
4234	82	105	t
4235	84	105	t
4236	86	105	t
4237	94	105	t
4238	95	105	t
4239	101	105	t
4240	111	105	t
4241	117	105	t
4242	123	105	t
4243	130	105	t
4244	140	105	t
4245	141	105	t
4246	143	105	t
4247	165	105	t
4248	169	105	t
4249	170	105	t
4250	171	105	t
4251	179	105	t
4252	180	105	t
4253	186	105	t
4254	187	105	t
4255	9	106	t
4256	10	106	t
4257	17	106	t
4258	24	106	t
4259	26	106	t
4260	33	106	t
4261	43	106	f
4262	47	106	t
4263	50	106	t
4264	56	106	f
4265	60	106	f
4266	61	106	t
4267	65	106	t
4268	67	106	t
4269	76	106	t
4270	84	106	t
4271	86	106	t
4272	95	106	t
4273	99	106	t
4274	111	106	t
4275	117	106	t
4276	123	106	t
4277	124	106	t
4278	130	106	t
4279	140	106	t
4280	141	106	t
4281	143	106	f
4282	165	106	t
4283	169	106	t
4284	170	106	t
4285	171	106	t
4286	179	106	t
4287	180	106	t
4288	186	106	t
4289	187	106	t
4290	9	107	t
4291	10	107	t
4292	17	107	t
4293	24	107	f
4294	26	107	t
4295	33	107	t
4296	43	107	f
4297	47	107	t
4298	52	107	t
4299	60	107	t
4300	61	107	t
4301	65	107	t
4302	67	107	t
4303	73	107	t
4304	74	107	t
4305	76	107	t
4306	77	107	t
4307	79	107	t
4308	80	107	t
4309	82	107	t
4310	83	107	t
4311	84	107	t
4312	86	107	t
4313	95	107	t
4314	99	107	t
4315	101	107	t
4316	111	107	t
4317	114	107	t
4318	117	107	t
4319	123	107	t
4320	124	107	t
4321	130	107	t
4322	140	107	f
4323	141	107	t
4324	143	107	t
4325	150	107	t
4326	162	107	t
4327	165	107	t
4328	166	107	t
4329	169	107	t
4330	170	107	t
4331	171	107	t
4332	179	107	t
4333	180	107	t
4334	186	107	t
4335	187	107	t
4336	3	108	t
4337	7	108	t
4338	10	108	t
4339	12	108	t
4340	17	108	t
4341	19	108	t
4342	24	108	f
4343	26	108	t
4344	27	108	t
4345	32	108	t
4346	34	108	t
4347	35	108	t
4348	40	108	t
4349	43	108	t
4350	44	108	t
4351	29	108	t
4352	47	108	f
4353	60	108	f
4354	61	108	t
4355	62	108	t
4356	65	108	t
4357	73	108	t
4358	76	108	t
4359	80	108	t
4360	82	108	t
4361	83	108	t
4362	84	108	t
4363	86	108	t
4364	89	108	t
4365	93	108	t
4366	97	108	f
4367	99	108	f
4368	101	108	f
4369	102	108	t
4370	103	108	t
4371	107	108	t
4372	109	108	t
4373	111	108	t
4374	114	108	t
4375	117	108	t
4376	123	108	f
4377	124	108	f
4378	126	108	t
4379	127	108	t
4380	130	108	t
4381	139	108	t
4382	140	108	f
4383	141	108	f
4384	143	108	t
4385	144	108	t
4386	153	108	t
4387	162	108	t
4388	165	108	f
4389	169	108	f
4390	170	108	t
4391	176	108	t
4392	178	108	t
4393	180	108	f
4394	183	108	t
4395	186	108	t
4396	173	108	t
4397	187	108	t
4398	188	108	t
4399	194	108	t
4400	195	108	t
4401	1	109	t
4402	2	109	t
4403	3	109	t
4404	4	109	t
4405	5	109	t
4406	6	109	t
4407	8	109	t
4408	10	109	t
4409	11	109	t
4410	13	109	t
4411	14	109	t
4412	15	109	t
4413	16	109	t
4414	17	109	t
4415	18	109	t
4416	19	109	t
4417	20	109	t
4418	21	109	t
4419	22	109	t
4420	23	109	t
4421	25	109	t
4422	27	109	t
4423	28	109	t
4424	31	109	t
4425	32	109	t
4426	33	109	f
4427	34	109	t
4428	35	109	t
4429	36	109	t
4430	37	109	t
4431	38	109	t
4432	39	109	t
4433	40	109	t
4434	41	109	t
4435	42	109	t
4436	43	109	t
4437	44	109	t
4438	45	109	t
4439	29	109	t
4440	163	109	t
4441	46	109	t
4442	48	109	t
4443	49	109	t
4444	51	109	t
4445	52	109	t
4446	53	109	t
4447	54	109	t
4448	56	109	t
4449	57	109	t
4450	61	109	t
4451	62	109	t
4452	63	109	t
4453	64	109	t
4454	65	109	t
4455	66	109	t
4456	67	109	t
4457	68	109	t
4458	69	109	t
4459	70	109	t
4460	71	109	t
4461	72	109	t
4462	73	109	t
4463	74	109	t
4464	75	109	t
4465	78	109	t
4466	80	109	t
4467	81	109	t
4468	84	109	t
4469	85	109	t
4470	87	109	t
4471	88	109	t
4472	89	109	t
4473	91	109	t
4474	92	109	t
4475	93	109	t
4476	94	109	t
4477	96	109	t
4478	97	109	t
4479	98	109	t
4480	99	109	t
4481	100	109	t
4482	101	109	t
4483	102	109	t
4484	103	109	t
4485	104	109	t
4486	106	109	t
4487	109	109	t
4488	110	109	t
4489	111	109	t
4490	114	109	t
4491	115	109	t
4492	116	109	t
4493	117	109	t
4494	118	109	t
4495	120	109	t
4496	122	109	t
4497	123	109	t
4498	125	109	t
4499	126	109	t
4500	129	109	t
4501	130	109	t
4502	131	109	t
4503	132	109	t
4504	135	109	t
4505	136	109	t
4506	137	109	t
4507	138	109	t
4508	140	109	t
4509	141	109	t
4510	142	109	t
4511	163	109	t
4512	113	109	t
4513	145	109	t
4514	146	109	t
4515	147	109	t
4516	148	109	t
4517	149	109	t
4518	150	109	t
4519	151	109	t
4520	152	109	t
4521	154	109	t
4522	155	109	t
4523	156	109	t
4524	157	109	t
4525	158	109	t
4526	159	109	t
4527	162	109	t
4528	165	109	t
4529	167	109	t
4530	168	109	t
4531	171	109	t
4532	172	109	t
4533	174	109	t
4534	176	109	t
4535	177	109	t
4536	178	109	t
4537	179	109	t
4538	181	109	t
4539	183	109	t
4540	184	109	t
4541	185	109	t
4542	188	109	t
4543	189	109	t
4544	191	109	t
4545	192	109	t
4546	193	109	t
4547	195	109	t
4548	2	110	t
4549	3	110	f
4550	6	110	t
4551	8	110	t
4552	9	110	t
4553	10	110	f
4554	13	110	t
4555	16	110	t
4556	17	110	f
4557	22	110	t
4558	24	110	f
4559	27	110	f
4560	28	110	f
4561	33	110	t
4562	29	110	f
4563	42	110	t
4564	43	110	f
4565	45	110	f
4566	163	110	t
4567	47	110	t
4568	56	110	t
4569	57	110	f
4570	60	110	t
4571	61	110	t
4572	63	110	f
4573	65	110	f
4574	66	110	f
4575	67	110	f
4576	73	110	f
4577	76	110	t
4578	82	110	t
4579	83	110	f
4580	84	110	f
4581	86	110	t
4582	88	110	t
4583	89	110	f
4584	92	110	t
4585	94	110	t
4586	95	110	f
4587	97	110	t
4588	99	110	t
4589	100	110	t
4590	101	110	f
4591	102	110	f
4592	103	110	f
4593	114	110	f
4594	116	110	t
4595	123	110	t
4596	127	110	t
4597	129	110	t
4598	131	110	t
4599	140	110	f
4600	141	110	f
4601	113	110	t
4602	143	110	t
4603	144	110	t
4604	150	110	f
4605	151	110	f
4606	152	110	t
4607	154	110	t
4608	158	110	t
4609	159	110	t
4610	165	110	t
4611	167	110	f
4612	169	110	t
4613	170	110	t
4614	176	110	f
4615	180	110	f
4616	181	110	t
4617	183	110	f
4618	184	110	t
4619	186	110	t
4620	187	110	t
4621	189	110	t
4622	194	110	f
4623	2	111	t
4624	7	111	t
4625	8	111	t
4626	9	111	t
4627	10	111	t
4628	11	111	t
4629	15	111	t
4630	16	111	t
4631	22	111	t
4632	24	111	t
4633	26	111	t
4634	27	111	t
4635	33	111	f
4636	36	111	t
4637	37	111	t
4638	38	111	t
4639	41	111	t
4640	42	111	t
4641	44	111	t
4642	45	111	t
4643	46	111	t
4644	47	111	t
4645	51	111	t
4646	52	111	t
4647	53	111	t
4648	56	111	t
4649	59	111	t
4650	60	111	t
4651	61	111	t
4652	65	111	t
4653	66	111	t
4654	67	111	t
4655	69	111	t
4656	74	111	t
4657	75	111	t
4658	76	111	t
4659	78	111	t
4660	80	111	f
4661	83	111	t
4662	84	111	t
4663	85	111	t
4664	86	111	t
4665	88	111	t
4666	89	111	t
4667	92	111	t
4668	94	111	t
4669	97	111	t
4670	99	111	t
4671	100	111	t
4672	101	111	t
4673	111	111	t
4674	114	111	t
4675	116	111	t
4676	123	111	t
4677	124	111	t
4678	125	111	t
4679	129	111	t
4680	130	111	t
4681	135	111	t
4682	137	111	t
4683	138	111	t
4684	139	111	f
4685	163	111	t
4686	113	111	t
4687	143	111	t
4688	144	111	t
4689	147	111	t
4690	154	111	t
4691	158	111	t
4692	159	111	t
4693	165	111	t
4694	169	111	t
4695	170	111	t
4696	172	111	t
4697	176	111	t
4698	178	111	t
4699	184	111	t
4700	186	111	t
4701	187	111	t
4702	188	111	t
4703	189	111	t
4704	191	111	t
4705	192	111	t
4706	2	112	t
4707	3	112	t
4708	4	112	t
4709	7	112	t
4710	8	112	t
4711	9	112	t
4712	10	112	t
4713	11	112	t
4714	13	112	t
4715	15	112	t
4716	16	112	t
4717	17	112	t
4718	18	112	t
4719	21	112	t
4720	22	112	t
4721	24	112	t
4722	26	112	t
4723	27	112	t
4724	30	112	t
4725	31	112	f
4726	33	112	t
4727	36	112	t
4728	38	112	t
4729	40	112	t
4730	41	112	t
4731	42	112	t
4732	44	112	t
4733	45	112	t
4734	47	112	t
4735	49	112	t
4736	50	112	t
4737	51	112	t
4738	53	112	t
4739	56	112	t
4740	59	112	t
4741	60	112	t
4742	61	112	t
4743	64	112	t
4744	65	112	t
4745	67	112	t
4746	69	112	t
4747	74	112	f
4748	75	112	t
4749	76	112	t
4750	77	112	t
4751	78	112	f
4752	82	112	t
4753	83	112	t
4754	84	112	t
4755	85	112	t
4756	86	112	t
4757	88	112	t
4758	92	112	t
4759	94	112	t
4760	95	112	t
4761	96	112	t
4762	97	112	t
4763	99	112	t
4764	100	112	t
4765	101	112	t
4766	111	112	t
4767	114	112	t
4768	116	112	t
4769	123	112	t
4770	125	112	t
4771	126	112	t
4772	127	112	t
4773	129	112	t
4774	130	112	t
4775	135	112	t
4776	137	112	t
4777	138	112	t
4778	139	112	t
4779	140	112	t
4780	141	112	t
4781	142	112	t
4782	163	112	t
4783	113	112	t
4784	143	112	t
4785	144	112	t
4786	147	112	t
4787	154	112	t
4788	158	112	t
4789	159	112	t
4790	165	112	t
4791	169	112	t
4792	170	112	t
4793	171	112	t
4794	172	112	t
4795	176	112	t
4796	178	112	t
4797	180	112	t
4798	181	112	t
4799	184	112	t
4800	185	112	t
4801	186	112	t
4802	188	112	t
4803	191	112	t
4804	192	112	t
4805	1	113	t
4806	162	113	t
4807	162	113	t
4808	8	113	t
4809	9	113	t
4810	10	113	f
4811	16	113	t
4812	17	113	t
4813	19	113	t
4814	22	113	f
4815	26	113	t
4816	27	113	f
4817	32	113	f
4818	33	113	t
4819	34	113	f
4820	37	113	f
4821	40	113	f
4822	41	113	f
4823	42	113	t
4824	45	113	f
4825	163	113	t
4826	46	113	f
4827	47	113	t
4828	50	113	f
4829	56	113	t
4830	60	113	t
4831	61	113	t
4832	65	113	t
4833	66	113	f
4834	70	113	f
4835	73	113	f
4836	76	113	f
4837	77	113	t
4838	81	113	t
4839	82	113	t
4840	84	113	t
4841	86	113	t
4842	88	113	t
4843	89	113	f
4844	92	113	t
4845	94	113	t
4846	95	113	f
4847	99	113	t
4848	100	113	t
4849	101	113	t
4850	102	113	f
4851	106	113	t
4852	109	113	f
4853	111	113	f
4854	115	113	t
4855	123	113	t
4856	124	113	t
4857	129	113	t
4858	136	113	f
4859	138	113	t
4860	140	113	t
4861	141	113	f
4862	163	113	t
4863	113	113	t
4864	143	113	t
4865	144	113	t
4866	153	113	f
4867	154	113	t
4868	157	113	t
4869	158	113	t
4870	165	113	t
4871	169	113	t
4872	170	113	t
4873	172	113	t
4874	176	113	f
4875	178	113	t
4876	180	113	f
4877	184	113	t
4878	186	113	t
4879	187	113	t
4880	188	113	t
4881	189	113	f
4882	9	114	t
4883	10	114	f
4884	13	114	t
4885	16	114	f
4886	17	114	t
4887	22	114	t
4888	27	114	t
4889	36	114	t
4890	37	114	f
4891	38	114	t
4892	41	114	t
4893	29	114	f
4894	42	114	t
4895	43	114	f
4896	44	114	t
4897	45	114	t
4898	47	114	t
4899	50	114	t
4900	52	114	t
4901	53	114	t
4902	56	114	t
4903	57	114	f
4904	60	114	f
4905	61	114	t
4906	62	114	f
4907	65	114	t
4908	67	114	f
4909	69	114	t
4910	70	114	t
4911	75	114	t
4912	76	114	t
4913	79	114	t
4914	82	114	t
4915	83	114	f
4916	84	114	t
4917	86	114	t
4918	88	114	t
4919	89	114	f
4920	92	114	t
4921	94	114	t
4922	99	114	t
4923	100	114	t
4924	101	114	t
4925	107	114	f
4926	111	114	f
4927	114	114	t
4928	116	114	t
4929	117	114	t
4930	123	114	t
4931	125	114	t
4932	131	114	t
4933	135	114	t
4934	138	114	t
4935	140	114	f
4936	141	114	f
4937	163	114	t
4938	113	114	t
4939	143	114	t
4940	144	114	t
4941	153	114	f
4942	154	114	t
4943	158	114	t
4944	159	114	t
4945	162	114	f
4946	165	114	t
4947	166	114	t
4948	169	114	f
4949	170	114	t
4950	176	114	f
4951	178	114	t
4952	180	114	t
4953	184	114	t
4954	186	114	t
4955	187	114	t
4956	188	114	f
4957	189	114	t
4958	22	115	f
4959	37	115	f
4960	52	115	f
4961	66	115	f
4962	69	115	f
4963	78	115	f
4964	97	115	f
4965	147	115	f
4966	154	115	f
4967	194	115	f
4968	1	116	t
4969	2	116	t
4970	3	116	t
4971	7	116	t
4972	8	116	t
4973	9	116	t
4974	10	116	t
4975	11	116	t
4976	13	116	t
4977	15	116	t
4978	16	116	t
4979	17	116	t
4980	18	116	t
4981	19	116	t
4982	21	116	f
4983	22	116	t
4984	23	116	t
4985	25	116	t
4986	26	116	t
4987	27	116	t
4988	28	116	t
4989	30	116	t
4990	33	116	t
4991	36	116	t
4992	37	116	t
4993	38	116	t
4994	39	116	t
4995	196	116	t
4996	41	116	t
4997	42	116	t
4998	44	116	t
4999	45	116	t
5000	47	116	t
5001	50	116	t
5002	51	116	t
5003	53	116	t
5004	56	116	t
5005	60	116	t
5006	61	116	t
5007	62	116	t
5008	64	116	t
5009	65	116	t
5010	66	116	t
5011	67	116	t
5012	69	116	t
5013	70	116	t
5014	75	116	t
5015	76	116	t
5016	78	116	t
5017	79	116	t
5018	82	116	t
5019	83	116	f
5020	84	116	t
5021	85	116	t
5022	86	116	t
5023	87	116	t
5024	88	116	t
5025	89	116	f
5026	90	116	t
5027	92	116	t
5028	94	116	t
5029	99	116	t
5030	100	116	t
5031	101	116	t
5032	102	116	t
5033	104	116	t
5034	106	116	t
5035	107	116	t
5036	111	116	t
5037	114	116	f
5038	115	116	t
5039	116	116	t
5040	117	116	t
5041	120	116	f
5042	121	116	t
5043	123	116	t
5044	124	116	t
5045	125	116	t
5046	127	116	t
5047	129	116	t
5048	131	116	t
5049	135	116	t
5050	137	116	t
5051	138	116	t
5052	139	116	t
5053	140	116	t
5054	141	116	t
5055	142	116	t
5056	163	116	t
5057	113	116	t
5058	143	116	t
5059	144	116	t
5060	147	116	t
5061	150	116	t
5062	151	116	t
5063	153	116	t
5064	154	116	t
5065	157	116	t
5066	158	116	t
5067	159	116	t
5068	162	116	f
5069	165	116	t
5070	169	116	t
5071	170	116	t
5072	172	116	t
5073	176	116	t
5074	178	116	t
5075	180	116	t
5076	184	116	t
5077	185	116	t
5078	186	116	t
5079	187	116	t
5080	188	116	t
5081	189	116	t
5082	190	116	t
5083	191	116	f
5084	1	117	t
5085	2	117	t
5086	3	117	t
5087	7	117	t
5088	8	117	t
5089	9	117	t
5090	10	117	t
5091	11	117	t
5092	13	117	t
5093	15	117	t
5094	16	117	t
5095	17	117	t
5096	18	117	t
5097	19	117	t
5098	21	117	f
5099	22	117	t
5100	23	117	t
5101	25	117	t
5102	26	117	t
5103	27	117	t
5104	30	117	t
5105	33	117	t
5106	36	117	t
5107	37	117	t
5108	38	117	t
5109	39	117	t
5110	196	117	t
5111	41	117	t
5112	42	117	t
5113	44	117	t
5114	45	117	t
5115	47	117	t
5116	50	117	t
5117	51	117	t
5118	53	117	t
5119	56	117	t
5120	60	117	t
5121	61	117	t
5122	62	117	t
5123	64	117	t
5124	65	117	t
5125	66	117	t
5126	67	117	t
5127	69	117	t
5128	70	117	t
5129	75	117	t
5130	76	117	t
5131	78	117	t
5132	79	117	t
5133	82	117	t
5134	83	117	f
5135	84	117	t
5136	85	117	t
5137	86	117	t
5138	87	117	t
5139	88	117	t
5140	89	117	f
5141	90	117	t
5142	92	117	t
5143	94	117	t
5144	99	117	t
5145	100	117	t
5146	101	117	t
5147	102	117	t
5148	104	117	t
5149	106	117	t
5150	107	117	t
5151	111	117	t
5152	114	117	f
5153	115	117	t
5154	116	117	t
5155	117	117	t
5156	120	117	f
5157	123	117	t
5158	124	117	t
5159	125	117	t
5160	127	117	t
5161	129	117	t
5162	131	117	t
5163	135	117	t
5164	137	117	t
5165	138	117	t
5166	139	117	t
5167	140	117	t
5168	141	117	t
5169	142	117	t
5170	163	117	t
5171	113	117	t
5172	143	117	t
5173	144	117	t
5174	147	117	t
5175	148	117	t
5176	150	117	t
5177	151	117	t
5178	153	117	t
5179	154	117	t
5180	157	117	t
5181	158	117	t
5182	159	117	t
5183	162	117	f
5184	165	117	t
5185	169	117	t
5186	170	117	t
5187	172	117	t
5188	176	117	t
5189	178	117	t
5190	180	117	t
5191	184	117	t
5192	185	117	t
5193	186	117	t
5194	187	117	t
5195	188	117	t
5196	189	117	t
5197	190	117	t
5198	191	117	f
\.


--
-- Name: status_id_seq; Type: SEQUENCE SET; Schema: public; Owner: -
--

SELECT pg_catalog.setval('public.status_id_seq', 5198, true);


--
-- Data for Name: topics; Type: TABLE DATA; Schema: public; Owner: -
--

COPY public.topics (id, name) FROM stdin;
1	natural persons
2	companies
3	property
4	contracts
5	international sale
6	non-contractual obligations
7	international carriage
8	financial law
9	intellectual property rights
10	family matters
11	inheritance
12	recognition and enforcement of foreign decisions
13	civil procedure
14	international arbitration
\.


--
-- Name: topics_id_seq; Type: SEQUENCE SET; Schema: public; Owner: -
--

SELECT pg_catalog.setval('public.topics_id_seq', 1, false);


--
-- Data for Name: treaties; Type: TABLE DATA; Schema: public; Owner: -
--

COPY public.treaties (id, name, city, concluded, entered_into_force, status) FROM stdin;
1	Convention of 1 March 1954 on civil procedure	Hague	1954-03-01	1957-04-12	t
2	Convention of 15 June 1955 on the law applicable to international sales of goods	Hague	1955-06-15	1964-09-01	t
3	Convention of 15 April 1958 on the law governing transfer of title in international sales of goods	Hague	1958-04-15	\N	f
4	Convention of 15 April 1958 on the jurisdiction of the selected forum in the case of international sales of goods	Hague	1958-04-15	\N	f
5	Convention of 15 June 1955 relating to the settlement of the conflicts between the law of nationality and the law of domicile	Hague	1955-06-15	\N	f
6	Convention of 1 June 1956 concerning the recognition of the legal personality of foreign companies, associations and institutions	Hague	1956-06-01	\N	f
7	Convention of 24 October 1956 on the law applicable to maintenance obligations towards children	Hague	1956-10-24	1962-01-01	t
8	Convention of 15 April 1958 concerning the recognition and enforcement of decisions relating to maintenance obligations towards children	Hague	1958-04-15	1962-01-01	t
9	Convention of 5 October 1961 concerning the powers of authorities and the law applicable in respect of the protection of infants	Hague	1961-10-05	1969-02-04	t
10	Convention of 5 October 1961 on the Conflicts of Laws Relating to the Form of Testamentary Dispositions	Hague	1961-10-05	1964-01-05	t
11	Convention of 5 October 1961 Abolishing the Requirement of Legalisation for Foreign Public Documents	Hague	1961-10-05	1965-01-24	t
12	Convention of 15 November 1965 on Jurisdiction, Applicable Law and Recognition of Decrees Relating to Adoptions	Hague	1965-11-15	\N	f
13	Convention of 15 November 1965 on the Service Abroad of Judicial and Extrajudicial Documents in Civil or Commercial Matters	Hague	1965-11-15	1969-02-10	t
14	Convention of 25 November 1965 on the Choice of Court	Hague	1965-11-25	\N	f
15	Convention of 1 February 1971 on the Recognition and Enforcement of Foreign Judgments in Civil and Commercial Matters	Hague	1971-02-01	1979-08-20	t
16	Supplementary Protocol of 1 February 1971 to the Hague Convention on the Recognition and Enforcement of Foreign Judgments in Civil and Commercial Matters	Hague	1971-02-01	1979-08-20	t
17	Convention of 1 June 1970 on the Recognition of Divorces and Legal Separations	Hague	1970-06-01	1975-08-24	t
18	Convention of 4 May 1971 on the Law Applicable to Traffic Accidents	Hague	1971-05-04	1975-06-03	t
19	Convention of 18 March 1970 on the Taking of Evidence Abroad in Civil or Commercial Matters	Hague	1970-03-18	1972-10-07	t
20	Convention of 2 October 1973 Concerning the International Administration of the Estates of Deceased Persons	Hague	1973-10-02	1993-07-01	t
21	Convention of 2 October 1973 on the Law Applicable to Products Liability	Hague	1973-10-02	1977-10-01	t
22	Convention of 2 October 1973 on the Recognition and Enforcement of Decisions Relating to Maintenance Obligations	Hague	1973-10-02	1976-08-01	t
23	Convention of 2 October 1973 on the Law Applicable to Maintenance Obligations	Hague	1973-10-02	1977-10-01	t
24	Convention of 14 March 1978 on the Law Applicable to Matrimonial Property Regimes	Hague	1978-03-14	1992-09-01	t
25	Convention of 14 March 1978 on Celebration and Recognition of the Validity of Marriages	Hague	1978-03-14	1991-05-01	t
26	Convention of 14 March 1978 on the Law Applicable to Agency	Hague	1978-03-14	1992-05-01	t
27	Convention of 25 October 1980 on the Civil Aspects of International Child Abduction	Hague	1980-10-25	1983-12-01	t
28	Convention of 25 October 1980 on International Access to Justice	Hague	1988-05-01	\N	f
29	Convention of 1 July 1985 on the Law Applicable to Trusts and on their Recognition	Hague	1985-07-01	1992-01-01	t
30	Convention of 22 December 1986 on the Law Applicable to Contracts for the International Sale of Goods	Hague	1986-12-22	\N	f
31	Convention of 1 August 1989 on the Law Applicable to Succession to the Estates of Deceased Persons	Hague	1989-08-01	\N	f
32	Convention of 29 May 1993 on Protection of Children and Co-operation in Respect of Intercountry Adoption	Hague	1993-05-29	1995-05-01	t
33	Convention of 19 October 1996 on Jurisdiction, Applicable Law, Recognition, Enforcement and Co-operation in Respect of Parental Responsibility and Measures for the Protection of Children	Hague	1996-10-19	2002-01-01	t
34	Convention of 13 January 2000 on the International Protection of Adults	Hague	2000-01-13	2009-01-01	t
35	Convention of 5 July 2006 on the Law Applicable to Certain Rights in Respect of Securities held with an Intermediary	Hague	2006-07-05	2017-04-01	t
36	Convention of 30 June 2005 on Choice of Court Agreements	Hague	2005-06-30	2015-10-01	t
37	Convention of 23 November 2007 on the International Recovery of Child Support and Other Forms of Family Maintenance	Hague	2007-11-23	2013-01-01	t
38	Protocol of 23 November 2007 on the Law Applicable to Maintenance Obligations	Hague	2007-11-23	2013-08-01	t
39	Convention of 2 July 2019 on the Recognition and Enforcement of Foreign Judgments in Civil or Commercial Matters	Hague	2019-07-02	\N	f
40	Convention on the Limitation Period in the International Sale of Goods	New York	1974-06-14	1988-08-01	t
41	Protocol amending the Convention on the Limitation Period in the International Sale of Goods	Vienna	1980-04-11	1988-08-01	t
42	United Nations Convention on Contracts for the International Sale of Goods	Vienna	1980-04-11	1988-01-01	t
43	United Nations Convention on International Bills of Exchange and International Promissory Notes	New York	1988-12-09	\N	f
44	United Nations Convention on Independent Guarantees and Stand-by Letters of Credit	New York	1995-12-11	2000-01-01	t
45	United Nations Convention on the Use of Electronic Communications in International Contracts	New York	2005-11-23	2013-03-01	t
46	Convention on the Recognition and Enforcement of Foreign Arbitral Awards	New York	1958-06-10	1959-06-07	t
47	European Convention on International Commercial Arbitration	Geneva	1961-04-21	1964-01-07	t
48	United Nations Convention on Transparency in Treaty-based Investor-State Arbitration	New York	2014-12-10	2017-10-18	t
49	United Nations Convention on International Settlement Agreements Resulting from Mediation	New York	2018-12-20	2020-09-12	t
50	Convention on the Recovery Abroad of Maintenance	New York	1956-06-20	1957-05-25	t
51	Convention on the contract for the international carriage of passengers and luggage by inland waterway (CVN)	Geneva	1976-02-06	\N	f
52	United Nations Convention on the Carriage of Goods by Sea 1978	Hamburg	1978-03-31	1992-11-01	t
53	International Convention on Maritime Liens and Mortgages 1993	Geneva	1993-05-06	2004-09-05	t
54	European Agreement concerning the International Carriage of Dangerous Goods by Inland Waterways (ADN)	Geneva	2000-05-26	2008-02-29	t
55	United Nations Convention on Contracts for the International Carriage of Goods Wholly or Partly by Sea	New York	2008-12-11	\N	f
56	Convention on the Contract for the International Carriage of Goods by Road (CMR)	Geneva	1956-05-19	1961-07-02	t
57	Protocol to the Convention on the Contract for the International Carriage of Goods by Road (CMR)	Geneva	1978-07-05	1980-12-28	t
58	Additional Protocol to the Convention on the Contract for the International Carriage of Goods by Road (CMR) concerning the Electronic Consignment Note	Geneva	2008-02-20	2011-06-05	t
59	Agreement concerning the International Carriage of Dangerous Goods by Road (ADR)	Geneva	1957-09-30	1968-01-29	t
60	Protocol amending article 14 (3) of the European Agreement of 1957-09-30 concerning the International Carriage of Dangerous Goods by Road (ADR)	New York	1975-08-21	1985-04-19	t
61	Protocol amending article 1 (a), article 14 (1) and article 14 (3) (b) of the European Agreement of 1957-09-30 concerning the International Carriage of Dangerous Goods by Road (ADR)	Geneva	1993-10-28	\N	f
62	Convention on the contract for the international carriage of passengers and luggage by road (CVR)	Geneva	1973-03-01	1994-04-12	t
63	Protocol to the Convention on the contract for the international carriage of passengers and luggage by road (CVR)	Geneva	1978-07-05	\N	f
64	Convention on Civil Liability for Damage caused during Carriage of Dangerous Goods by Road, Rail and Inland Navigation Vessels (CRTD)	Geneva	1989-10-10	\N	f
65	United Nations Convention on International Multimodal Transport of Goods	Geneva	1980-05-24	\N	f
66	Convention on Agency in the International Sale of Goods	Geneva	1983-02-17	\N	f
67	Unidroit Convention on Substantive Rules for Intermediated Securities	Geneva	2009-10-09	\N	f
68	Convention relating to a Uniform Law on the International Sale of Goods	Hague	1964-07-01	1972-08-18	t
69	Convention relating to a Uniform Law on the Formation of Contracts for the International Sale of Goods	Hague	1964-07-01	1972-08-18	t
70	International Convention on Travel Contracts (CCV)	Brussels	1970-04-23	1976-02-21	t
71	Convention providing a Uniform Law onthe Form of an International Will	Washington	1973-10-26	1978-02-09	t
72	Unidroit Convention on International Financial Leasing	Ottawa	1988-05-28	1995-05-01	t
73	Unidroit Convention on International Factoring	Ottawa	1988-05-28	1995-05-01	t
74	Unidroit Convention on Stolen or Illegally Exported Cultural Objects	Rome	1995-06-24	1998-07-01	t
75	Convention on International Interests in Mobile Equipment	Cape Town	2001-11-16	2006-03-01	t
76	Protocol to the Convention on International Interests in Mobile Equipment on Matters Specific to Aircraft Equipment	Cape Town	2001-11-16	2006-03-01	t
77	Protocol to the Convention on International Interests in Mobile Equipment on Matters specific to Railway Rolling Stock	Luxembourg	2007-02-23	\N	f
78	Convention on International Interests in Mobile Equipment and Protocol thereto on Matters specific to Space Assets	Berlin	2012-03-09	\N	f
79	Protocol to the Convention on International Interests in Mobile Equipment on Matters Specific to Mining, Agricultural and Construction Equipment	Pretoria	2019-11-22	\N	f
80	Convention for the Unification of Certain Rules Relating to International Carriage by Air	Warsaw	1929-10-12	1933-02-13	t
81	Protocol to Amend the Convention for the Unification of Certain Rules Relating to International Carriage by Air	Hague	1955-09-28	1963-08-01	t
82	Protocol Relating to an Amendment to the Convention on International Civil Aviation	Montreal	1947-05-27	1961-03-20	t
83	Convention on Damage Caused by Foreign Aircraft to Third Parties on the Surface	Rome	1952-10-07	1958-02-04	t
84	Convention, Supplementary to the Warsaw Convention, for the Unification of Certain Rules Relating to International Carriage by Air Performed by a Person Other than the Contracting Carrier	Guadalajara	1961-09-18	1964-05-01	t
85	Protocol to Amend the Convention for the Unification of Certain Rules Relating to International Carriage by Air signed at Warsaw on 1929-10-12 as Amended by the Protocol done at The Hague on 1955-09-28	Guatemala	1971-03-08	\N	f
86	Additional Protocol No. 1 to Amend the Convention for the Unification of Certain Rules Relating to International Carriage by Air signed at Warsaw on 1929-10-12	Montreal	1975-09-25	1996-02-15	t
87	Additional Protocol No. 2 to Amend the Convention for the Unification of Certain Rules Relating to International Carriage by Air signed at Warsaw on 1929-10-12 as Amended by the Protocol done at The Hague on 1955-09-28	Montreal	1975-09-25	1996-02-15	t
88	Additional Protocol No. 3 to Amend the Convention for the Unification of Certain Rules Relating to International Carriage by Air signed at Warsaw on 1929-10-12 as Amended by the Protocols done at The Hague on 1955-09-28 and at Guatemala City on 1971-03-08	Montreal	1975-09-25	\N	f
89	Montreal Protocol No. 4 to Amend the Convention for the Unification of Certain Rules Relating to International Carriage by Air signed at Warsaw on 1929-10-12 as Amended by the Protocol done at The Hague on 1955-09-28	Montreal	1975-09-25	1998-06-14	t
90	Protocol to Amend the Convention on Damage Caused by Foreign Aircraft to Third Parties on the Surface signed at Rome on 1952-10-07	Montreal	1978-09-23	2002-07-25	t
91	Convention for the Unification of Certain Rules for International Carriage by Air	Montreal	1999-05-28	2003-11-04	t
92	Convention on Compensation for Damage to Third Parties, Resulting from Acts of Unlawful Interference Involving Aircraft	Montréal	2009-05-02	\N	f
93	Convention on Compensation for Damage Caused by Aircraft to Third Parties	Montréal	2009-05-02	\N	f
94	The Berne Convention for the Protection of Literary and Artistic Works	Berne	1886-09-09	1887-12-05	t
95	Paris Additional Act (1896) relating to the Berne Convention for the Protection of Literary and Artistic Works	Paris	1896-05-04	1897-12-09	t
96	Berlin Act (1908) relating to the Berne Convention for the Protection of Literary and Artistic Works	Berlin	1908-11-13	1910-09-09	t
97	Berne Additional Protocol (1914) relating to the Berne Convention for the Protection of Literary and Artistic Works	Berne	1914-03-20	1915-04-20	t
98	Rome Act (1928) relating to the Berne Convention for the Protection of Literary and Artistic Works	Rome	1928-06-02	1931-08-01	t
99	Brussels Act (1948) relating to the Berne Convention for the Protection of Literary and Artistic Works	Brussels	1948-06-26	1951-08-01	t
100	Stockholm Act (1967) relating to the Berne Convention for the Protection of Literary and Artistic Works	Stockholm	1967-07-14	1970-04-26	t
101	Paris Act (1971) relating to the Berne Convention for the Protection of Literary and Artistic Works	Paris	1971-07-24	1974-10-10	t
102	Treaty on Audiovisual Performances	Beijing	2012-06-24	2020-04-28	t
103	Paris Convention for the Protection of Industrial Property	Paris	1883-03-20	1884-07-07	t
104	Brussels Act (1900) relating to Paris Convention for the Protection of Industrial Property	Brussels	1900-12-14	1902-09-14	t
105	Washington Act (1911) relating to Paris Convention for the Protection of Industrial Property	Washington	1911-06-02	1913-05-01	t
106	Hague Act (1925) relating to Paris Convention for the Protection of Industrial Property	Hague	1925-11-06	1928-06-01	t
107	London Act (1934) relating to Paris Convention for the Protection of Industrial Property	London	1934-06-02	1938-08-01	t
108	Lisbon Act (1958) relating to Paris Convention for the Protection of Industrial Property	Lisbon	1958-10-31	1962-01-04	t
109	Stockholm Act (1967) Paris Convention for the Protection of Industrial Property	Stockholm	1967-07-14	1970-04-26	t
110	Patent Law Treaty	Geneva	2000-06-01	2005-04-28	t
111	Convention for the Protection of Producers of Phonograms Against Unauthorized Duplication of Their Phonograms	Geneva	1971-10-29	1973-04-18	t
112	Convention for the Protection of Performers, Producers of Phonograms and Broadcasting Organizations	Rome	1961-10-26	1964-05-18	t
113	Singapore Treaty on the Law of Trademarks	Singapore	2006-03-28	2009-03-16	t
114	Trademark Law Treaty	Geneva	1994-10-27	1996-08-01	t
115	Washington Treaty on Intellectual Property in Respect of Integrated Circuits	Washington	1989-05-26	\N	f
116	WIPO Copyright Treaty	Geneva	1996-12-20	2002-03-06	t
117	WIPO Performances and Phonograms Treaty	Geneva	1996-12-20	2002-05-20	t
\.


--
-- Data for Name: treaties_by_topics; Type: TABLE DATA; Schema: public; Owner: -
--

COPY public.treaties_by_topics (id, topic_id, treaty_id) FROM stdin;
1	5	40
2	5	41
3	5	42
4	8	43
5	4	44
6	4	45
7	14	46
8	14	47
9	14	48
10	13	49
11	10	50
12	7	51
13	7	52
14	3	53
15	7	54
16	7	55
17	7	56
18	7	57
19	7	58
20	7	59
21	7	60
22	7	61
23	7	62
24	7	63
25	7	64
26	7	65
41	5	66
42	8	67
43	5	68
44	5	69
45	4	70
46	11	71
47	4	72
48	4	73
49	3	74
50	4	75
51	4	76
52	4	77
53	4	78
54	4	79
55	7	80
56	7	81
57	7	82
58	7	83
59	7	84
60	7	85
61	7	86
62	7	87
63	7	88
64	7	89
65	7	90
66	7	91
67	7	92
68	7	93
69	13	1
70	5	2
71	5	3
72	13	4
73	1	5
74	2	6
75	10	7
76	12	8
77	10	9
78	11	10
79	13	11
80	13	12
81	13	13
82	13	14
83	12	15
84	12	16
85	10	17
86	6	18
87	13	19
88	11	20
89	6	21
90	12	22
91	8	23
92	10	24
93	10	25
94	4	26
95	10	27
96	13	28
97	4	29
98	5	30
99	11	31
100	10	32
101	10	33
102	1	34
103	8	35
104	13	36
105	10	37
106	10	38
107	12	39
\.


--
-- Name: treaties_by_topics_id_seq; Type: SEQUENCE SET; Schema: public; Owner: -
--

SELECT pg_catalog.setval('public.treaties_by_topics_id_seq', 107, true);


--
-- Name: treaties_id_seq; Type: SEQUENCE SET; Schema: public; Owner: -
--

SELECT pg_catalog.setval('public.treaties_id_seq', 1, false);


--
-- Name: countries_pkey; Type: CONSTRAINT; Schema: public; Owner: -
--

ALTER TABLE ONLY public.countries
    ADD CONSTRAINT countries_pkey PRIMARY KEY (id);


--
-- Name: participation_pkey; Type: CONSTRAINT; Schema: public; Owner: -
--

ALTER TABLE ONLY public.participation
    ADD CONSTRAINT participation_pkey PRIMARY KEY (id);


--
-- Name: status_pkey; Type: CONSTRAINT; Schema: public; Owner: -
--

ALTER TABLE ONLY public.status
    ADD CONSTRAINT status_pkey PRIMARY KEY (id);


--
-- Name: topics_pkey; Type: CONSTRAINT; Schema: public; Owner: -
--

ALTER TABLE ONLY public.topics
    ADD CONSTRAINT topics_pkey PRIMARY KEY (id);


--
-- Name: treaties_by_topics_pkey; Type: CONSTRAINT; Schema: public; Owner: -
--

ALTER TABLE ONLY public.treaties_by_topics
    ADD CONSTRAINT treaties_by_topics_pkey PRIMARY KEY (id);


--
-- Name: treaties_pkey; Type: CONSTRAINT; Schema: public; Owner: -
--

ALTER TABLE ONLY public.treaties
    ADD CONSTRAINT treaties_pkey PRIMARY KEY (id);


--
-- Name: participation_country_id_fkey; Type: FK CONSTRAINT; Schema: public; Owner: -
--

ALTER TABLE ONLY public.participation
    ADD CONSTRAINT participation_country_id_fkey FOREIGN KEY (country_id) REFERENCES public.countries(id) ON DELETE CASCADE;


--
-- Name: participation_treaty_id_fkey; Type: FK CONSTRAINT; Schema: public; Owner: -
--

ALTER TABLE ONLY public.participation
    ADD CONSTRAINT participation_treaty_id_fkey FOREIGN KEY (treaty_id) REFERENCES public.treaties(id) ON DELETE CASCADE;


--
-- Name: status_country_id_fkey; Type: FK CONSTRAINT; Schema: public; Owner: -
--

ALTER TABLE ONLY public.status
    ADD CONSTRAINT status_country_id_fkey FOREIGN KEY (country_id) REFERENCES public.countries(id) ON DELETE CASCADE;


--
-- Name: status_treaty_id_fkey; Type: FK CONSTRAINT; Schema: public; Owner: -
--

ALTER TABLE ONLY public.status
    ADD CONSTRAINT status_treaty_id_fkey FOREIGN KEY (treaty_id) REFERENCES public.treaties(id) ON DELETE CASCADE;


--
-- Name: treaties_by_topics_topic_id_fkey; Type: FK CONSTRAINT; Schema: public; Owner: -
--

ALTER TABLE ONLY public.treaties_by_topics
    ADD CONSTRAINT treaties_by_topics_topic_id_fkey FOREIGN KEY (topic_id) REFERENCES public.topics(id) ON DELETE CASCADE;


--
-- Name: treaties_by_topics_treaty_id_fkey; Type: FK CONSTRAINT; Schema: public; Owner: -
--

ALTER TABLE ONLY public.treaties_by_topics
    ADD CONSTRAINT treaties_by_topics_treaty_id_fkey FOREIGN KEY (treaty_id) REFERENCES public.treaties(id) ON DELETE CASCADE;


--
-- Name: SCHEMA public; Type: ACL; Schema: -; Owner: -
--

REVOKE ALL ON SCHEMA public FROM PUBLIC;
REVOKE ALL ON SCHEMA public FROM postgres;
GRANT ALL ON SCHEMA public TO postgres;
GRANT ALL ON SCHEMA public TO PUBLIC;


--
-- PostgreSQL database dump complete
--

